,0
0,{{flagicon|USA}} 2012年1月6日<br /> {{flagicon|JPN}} 劇場未公開
1,{{Flagicon|USA}} [[2012年]]1月6日<br> {{Flagicon|JPN}} 劇場未公開
2,{{Nowrap|Flagicon|CAN| 2010年9月12日<small>（[[トロント国際映画祭|TIFF]]）</small>}} <br /> {{Flagicon|CAN}} 2010年9月12日<small>（[[トロント国際映画祭|TIFF]]）</small> {{Flagicon|JPN}} 2010年12月11日<br /> {{Flagicon|USA}} 2012年1月3日
3,{{flagicon|USA}} 2012年1月13日<br /> {{flagicon|JPN}} 2013年6月15日
4,no_ja
5,no_dates
6,no_ja
7,{{flagicon|USA}} 2012年1月13日<br /> {{flagicon|JPN}} 2012年6月9日
8,no_ja
9,no_ja
10,{{flagicon|USA}} [[2012年]][[1月20日]]<br /> {{flagicon|JPN}} 2012年[[9月28日]]
11,2012年1月20日
12,{{flagicon|USA}} [[2012年]][[1月20日]]<br /> {{flagicon|JPN}} 2012年[[2月24日]]
13,{{flagicon|GBR}} 2012年1月20日<br /> {{flagicon|JPN}} 2012年2月25日
14,no_dates
15,{{flagicon|JPN}} [[2011年]][[7月2日]]
16,no_dates
17,no_dates
18,no_dates
19,no_dates
20,no_ja
21,no_ja
22,no_ja
23,no_ja
24,{{flagicon|USA}} 2012年2月3日<br /> {{flagicon|JPN}} 2012年7月14日
25,no_dates
26,no_dates
27,{{flagicon|USA}} [[2012年]][[2月10日]]<br /> {{flagicon|JPN}} 2012年[[3月31日]]
28,{{flagicon|USA}} [[2012年]][[2月10日]]<br /> {{flagicon|JPN}} 2012年[[9月7日]]
29,{{flagicon|USA}} [[2012年]][[2月10日]]<br /> {{flagicon|JPN}} 2012年[[6月1日]]
30,no_ja
31,no_ja
32,no_ja
33,{{Flagicon|JPN}} 2010年7月17日<br /> {{Flagicon|GBR}} 2011年7月29日<br /> {{flagicon|USA}} 2012年2月17日
34,no_dates
35,no_dates
36,{{flagicon|USA}} 2012年2月24日 <br> {{flagicon|JPN}} 2012年6月22日
37,{{flagicon|USA}} 2012年2月24日<br /> {{flagicon|JPN}} 2013年6月15日
38,no_ja
39,{{flagicon|USA}} 2012年2月24日<br /> {{flagicon|JPN}} 劇場未公開
40,no_dates
41,no_dates
42,no_ja
43,{{flagicon|USA}} 2012年5月2日<br /> {{flagicon|JPN}} 劇場未公開
44,no_ja
45,{{flagicon|USA}} 2012年3月9日<br /> {{flagicon|JPN}} 2012年4月13日
46,no_ja
47,{{flagicon|USA}} 2012年3月9日
48,no_ja
49,no_ja
50,{{Flagicon|FRA}} 2011年5月14日 ([[第64回カンヌ国際映画祭|CIFF]])<br /> {{Flagicon|ISR}} 2011年6月2日
51,no_ja
52,{{flagicon|USA}} 2011年6月11日<br /> {{flagicon|JPN}} 2013年2月2日
53,no_dates
54,no_ja
55,{{flagicon|USA}} 2012年3月16日<br /> {{flagicon|JPN}} 劇場未公開
56,{{flagicon|USA}} [[2012年]][[9月29日]]<br /> {{flagicon|JPN}} [[2013年]][[1月19日]]
57,no_dates
58,{{flagicon|USA}} [[2012年]][[3月23日]]<br /> {{flagicon|JPN}} 2012年[[9月28日]]
59,{{Flagicon|CAN}} [[2011年]][[9月8日]]<small>（[[トロント国際映画祭|TIFF]]）</small><br /> {{Flagicon|USA}} [[2012年]][[1月20日]]<small>（[[サンダンス映画祭|SFF]]）</small><br /> {{Flagicon|IDN}} 2012年[[3月23日]]<br /> {{Flagicon|JPN}} 2012年[[10月27日]]
60,{{Flagicon|DEU}} 2012年2月16日<small>（[[第62回ベルリン国際映画祭|BIFF]]）</small><br /> {{Flagicon|DEN}} 2012年3月29日<br /> {{Flagicon|JPN}} 2013年4月27日
61,no_dates
62,{{flagicon|USA}} [[2012年]][[3月30日]]<br /> {{flagicon|JPN}} 2012年[[4月21日]]
63,{{Flagicon|CAN}} [[2012年]]2月24日
64,{{flagicon|USA}} 1997年12月19日<br /> {{flagicon|JPN}} 1997年12月20日<br /> {{flagicon|USA}} 2012年4月4日（3D版）<br /> {{flagicon|JPN}} 2012年4月7日（3D版）
65,no_dates
66,no_ja
67,no_ja
68,no_ja
69,no_ja
70,no_dates
71,no_dates
72,{{flagicon|USA}} 2012年4月13日<br /> {{flagicon|FRA}} 2012年4月18日<br /> {{flagicon|JPN}} 2012年11月23日
73,{{flagicon|USA}} 2012年4月13日<br /> {{flagicon|JPN}} 劇場未公開
74,no_dates
75,no_ja
76,{{flagicon|USA}} [[2012年]][[4月20日]]<br /> {{flagicon|JPN}} 2012年[[6月16日]]
77,no_ja
78,no_ja
79,no_ja
80,{{flagicon|USA}} 2012年4月20日（限定）<br /> {{flagicon|JPN}} 劇場未公開
81,no_ja
82,no_ja
83,no_dates
84,no_dates
85,{{flagicon|UK}} 2012年3月9日<br /> {{flagicon|USA}} 2012年4月27日<br /> {{flagicon|JPN}} 2012年10月12日
86,{{flagicon|USA}} [[2012年]][[4月27日]]<br /> {{flagicon|JPN}} [[2012年]][[10月13日]]
87,no_dates
88,no_ja
89,no_ja
90,no_dates
91,no_ja
92,no_dates
93,no_ja
94,no_ja
95,{{flagicon|USA}} 2012年5月16日<br/> {{flagicon|JPN}} 2012年9月7日
96,{{Flagicon|FRA}} {{Flagicon|BEL}} 2012年5月17日<br /> {{Flagicon|JPN}} 2013年4月6日
97,no_dates
98,no_ja
99,no_ja
100,no_ja
101,no_ja
102,no_ja
103,no_dates
104,no_ja
105,no_ja
106,no_dates
107,no_ja
108,no_ja
109,2012年5月25日
110,no_dates
111,no_ja
112,no_ja
113,{{Flagicon|USA}} [[2012年]][[6月1日]]<br /> {{Flagicon|JPN}} 2012年[[6月15日]]
114,{{flagicon|USA}} 2012年6月1日<br /> {{flagicon|JPN}} 2012年7月14日
115,no_ja
116,no_dates
117,{{flagicon|USA}} 2012年6月8日<br /> {{flagicon|JPN}} 劇場未公開
118,no_ja
119,{{flagicon|USA}} [[2012年]][[6月15日]]<br /> {{flagicon|JPN}} 2012年[[9月21日]]
120,no_ja
121,{{flagicon|FRA}} 2011年11月16日<br> {{flagicon|UK}} 2012年2月17日<br> {{flagicon|USA}} 2012年6月15日<br> {{flagicon|JPN}} 劇場未公開
122,no_ja
123,no_ja
124,no_dates
125,{{Flagicon|USA}} 2012年6月22日<br /> {{Flagicon|JPN}} 2012年7月21日
126,{{flagicon|USA}} 2012年6月22日<br /> {{flagicon|JPN}} 2013年1月18日
127,no_ja
128,{{flagicon|ITA}} [[2012年]][[4月20日]]<br /> {{flagicon|USA}} [[2012年]][[7月6日]]<br /> {{flagicon|ESP}} 2012年9月21日<br /> {{flagicon|JPN}} 2013年6月8日
129,no_dates
130,no_ja
131,no_dates
132,{{Flagicon|USA}} [[2012年]]6月29日<br> {{Flagicon|JPN}} 劇場未公開
133,{{Flagicon|USA}} 2012年6月29日<br /> {{Flagicon|JPN}} 2013年1月18日（通常版）<br /> {{Flagicon|JPN}} 2013年7月5日（PG12版）
134,no_ja
135,no_ja
136,no_infobox
137,no_dates
138,no_ja
139,{{flagicon|JPN}} 2012年6月30日<br /> {{flagicon|USA}} 2012年7月3日
140,no_ja
141,{{flagicon|USA}} 2012年7月6日<br /> {{flagicon|JPN}} 2013年3月8日
142,no_ja
143,no_dates
144,no_dates
145,no_ja
146,no_ja
147,no_ja
148,{{flagicon|USA}} [[2012年]][[7月20日]]<br /> {{flagicon|Japan}} 2012年[[7月28日]]
149,no_ja
150,no_dates
151,{{flagicon|USA}} 2012年7月25日<br /> {{flagicon|JPN}} 2012年12月15日
152,{{Flagicon|USA}} [[2012年]][[7月27日]]<br /> {{Flagicon|JPN}} [[2013年]][[3月6日]]（[[DVD]]）
153,{{flagicon|USA}} 2012年7月27日<br /> {{flagicon|JPN}} 劇場未公開
154,no_ja
155,no_dates
156,no_dates
157,no_ja
158,{{flagicon|USA}} 2012年8月2日<br /> {{flagicon|JPN}} 2012年8月10日
159,no_dates
160,no_ja
161,no_dates
162,{{flagicon|USA}} 2012年8月10日<br /> {{flagicon|JPN}} 2012年9月28日
163,no_dates
164,no_dates
165,{{flagicon|USA}} 2012年8月15日
166,{{Flagicon|IND}} [[2012年]][[8月15日]]<br /> {{Flagicon|JPN}} [[2013年]][[4月20日]]
167,{{flagicon|USA}} [[2012年]][[8月17日]]<br /> {{flagicon|JPN}} 2012年[[10月20日]]
168,no_dates
169,no_dates
170,{{Flagicon|USA}} 2012年1月21日<small>（[[サンダンス映画祭|SFF]]）</small><br /> {{Flagicon|USA}} 2012年8月17日<br /> {{Flagicon|JPN}} 2013年6月29日
171,no_dates
172,no_ja
173,no_ja
174,{{flagicon|USA}} [[2012年]][[8月24日]]
175,{{flagicon|USA}} 2012年8月24日<br /> {{flagicon|JPN}} 劇場未公開
176,no_dates
177,no_ja
178,no_ja
179,{{flagicon|USA}} 2012年8月31日<br /> {{flagicon|JPN}} 2013年5月25日
180,no_ja
181,{{flagicon|USA}} [[2012年]][[9月7日]]<br /> {{flagicon|JPN}} 2012年[[10月27日]]
182,no_dates
183,{{flagicon|USA}} [[1981年]][[6月12日]]<br /> {{flagicon|JPN}} 1981年[[12月5日]]
184,no_dates
185,no_ja
186,no_ja
187,2012年9月14日
188,{{flagicon|USA}} 2003年5月30日<br /> {{flagicon|JPN}} 2003年12月6日<br /> {{flagicon|USA}} 2012年9月14日：3D版<br /> {{flagicon|JPN}} 2012年9月15日：3D版
189,{{flagicon|USA}} 2012年1月21日（[[サンダンス映画祭]]）<br /> {{flagicon|USA}} 2012年9月14日<br /> {{flagicon|JPN}} 2013年3月23日
190,no_ja
191,no_dates
192,{{flagicon|USA}} 2012年9月14日<br /> {{flagicon|JPN}} 2012年11月10日
193,no_dates
194,{{flagicon|GBR}} 2012年9月7日 <br /> {{flagicon|JPN}} 2013年2月16日
195,no_dates
196,no_dates
197,no_dates
198,no_ja
199,no_ja
200,no_dates
201,[[1967年]][[12月26日]]<br />（イギリスでのテレビ初放送日）
202,{{Flagicon|CAN}} 2012年9月8日<small>（[[第37回トロント国際映画祭|TIFF]]）</small><br /> {{Flagicon|USA}} 2012年9月28日<br /> {{Flagicon|JPN}} 2012年9月29日<br /> {{Flagicon|SGP}} 2012年12月6日<br /> {{Flagicon|KOR}} 2013年1月17日<br /> {{Flagicon|HKG}} 2013年2月7日<br /> {{Flagicon|TWN}} 2013年2月8日<br /> {{Flagicon|CHN}} 2013年11月1日
203,no_dates
204,no_ja
205,no_ja
206,no_dates
207,{{flagicon|USA}} 2012年9月24日（限定）<br /> {{flagicon|USA}} 2012年9月28日<br /> {{flagicon|JPN}} 2015年5月29日
208,no_dates
209,no_ja
210,no_ja
211,no_dates
212,no_dates
213,no_dates
214,no_dates
215,{{flagicon|USA}} 2012年10月12日<br> {{flagicon|JPN}} 2013年5月11日
216,no_ja
217,no_ja
218,{{Flagicon|USA}} [[2012年]]10月12日<br> {{Flagicon|JPN}} 劇場未公開
219,no_dates
220,no_dates
221,no_dates
222,no_dates
223,no_dates
224,{{flagicon|USA}} [[2012年]][[10月26日]]<br /> {{flagicon|CHN}} [[2013年]][[1月31日]]<br /> {{flagicon|JPN}} [[2013年]][[3月15日]]
225,{{flagicon|USA}} 2012年10月26日<br/> {{flagicon|Japan}} 未公開
226,{{flagicon|USA}} [[2012年]][[10月26日]]<br /> {{flagicon|JPN}} [[2013年]][[7月12日]]
227,{{Flagicon|GBR}} [[2012年]][[10月23日]]<small>（ロンドン・プレミア）</small><br /> {{Flagicon|GBR}} 2012年[[10月26日]]<br /> {{flagicon|USA}} 2012年[[11月9日]]<br /> {{Flagicon|JPN}} 2012年[[12月1日]]
228,no_ja
229,no_dates
230,no_dates
231,no_dates
232,BAD_URL
233,{{flagicon|CAN}} 2012年9月13日<br />（[[トロント国際映画祭]]）<br /> {{flagicon|USA}} 2012年11月2日<br /> {{flagicon|JPN}} 2014年5月31日
234,no_ja
235,no_dates
236,no_ja
237,no_ja
238,no_dates
239,no_ja
240,{{flagicon|USA}} 2012年11月9日<br /> {{flagicon|JPN}} 2013年4月19日
241,no_ja
242,no_ja
243,no_ja
244,no_dates
245,no_dates
246,no_dates
247,{{flagicon|USA}} [[2012年]][[11月21日]]<br /> {{flagicon|JPN}} 劇場未公開
248,no_ja
249,no_dates
250,{{flagicon|USA}} [[2012年]][[11月30日]]
251,no_dates
252,no_ja
253,no_dates
254,no_ja
255,no_ja
256,no_ja
257,no_dates
258,no_ja
259,no_ja
260,no_dates
261,{{Flagicon|USA}} [[2012年]]12月7日<br> {{Flagicon|JPN}} [[2013年]]1月19日
262,{{Flagicon|NZL}} [[2012年]][[11月28日]]<small>（[[ウェリントン]]プレミア）</small><br /> {{Flagicon|World}} 2012年[[12月14日]]
263,2012年12月19日
264,{{flagicon|USA}} [[2001年]][[11月2日]]<br /> {{flagicon|UK}} [[2002年]][[2月8日]]<br /> {{flagicon|JPN}} 2002年[[3月2日]]
265,no_dates
266,no_dates
267,{{Flagicon|USA}} 2012年12月21日<br /> {{Flagicon|JPN}} 2013年2月1日
268,no_dates
269,no_dates
270,no_ja
271,no_dates
272,no_ja
273,{{flagicon|USA}} 2012年12月19日<br /> {{flagicon|JPN}} 劇場未公開
274,no_ja
275,no_dates
276,no_dates
277,{{flagicon|USA}} 2012年12月28日 <br /> {{flagicon|JPN}} 2014年8月22日
278,no_ja
279,no_ja
280,no_ja
281,no_dates
282,no_dates
283,{{flagicon|USA}} [[2013年]][[1月11日]]<br /> {{flagicon|JPN}} 2013年[[6月15日]]
284,no_ja
285,no_dates
286,no_ja
287,no_ja
288,no_ja
289,no_ja
290,no_ja
291,{{flagicon|USA}} [[2013年]][[1月18日]]<br /> {{flagicon|JPN}} 2013年[[10月19日]]
292,no_dates
293,no_ja
294,{{flagicon|USA}} 2013年1月18日<br /> {{flagicon|JPN}} 2014年5月17日（限定）
295,no_ja
296,no_ja
297,no_ja
298,no_ja
299,no_dates
300,{{flagicon|USA}} [[2013年]][[1月25日]]<br /> {{flagicon|JPN}} 2013年[[2月9日]]
301,no_ja
302,no_ja
303,no_dates
304,no_ja
305,no_ja
306,no_ja
307,no_dates
308,no_ja
309,no_ja
310,no_dates
311,{{flagicon|USA}} 2013年2月1日<br /> {{flagicon|JPN}} 2013年9月21日
312,no_dates
313,no_ja
314,{{Flagicon|USA}} [[2013年]]2月8日<br> {{Flagicon|JPN}} 劇場未公開
315,no_dates
316,no_ja
317,{{Flagicon|USA}} [[1986年]][[5月16日]]<br /> {{Flagicon|JPN}} [[1986年]][[12月6日]]
318,no_dates
319,{{Flagicon|USA}} [[2013年]]2月14日<br> {{Flagicon|JPN}} 2013年11月30日
320,{{flagicon|USA}} {{flagicon|JPN}} 2013年[[2月14日]]
321,no_ja
322,no_dates
323,no_ja
324,no_ja
325,{{flagicon|USA}} 2013年2月22日<br /> {{flagicon|JPN}} 2013年7月6日
326,no_ja
327,{{flagicon|USA}} 2013年2月22日<br /> {{flagicon|JPN}} 2013年11月30日
328,no_dates
329,no_ja
330,no_ja
331,no_ja
332,no_dates
333,no_ja
334,no_dates
335,{{Flagicon|USA}} 2013年3月1日<br /> {{Flagicon|JPN}} 2013年5月31日
336,{{flagicon|USA}} 2013年5月8日<br /> {{flagicon|JPN}} 2013年10月26日
337,no_dates
338,no_ja
339,[[2013年]][[2月14日]]<br />(エル・キャピタン・シアター)<br />[[2013年]][[3月8日]]<br />(アメリカ合衆国)
340,no_infobox
341,no_ja
342,{{flagicon|USA}} [[2013年]][[3月15日]]<br /> {{flagicon|JPN}} 2013年[[11月30日]]
343,{{flagicon|USA}} 2013年3月15日
344,no_dates
345,{{flagicon|UK}} 2013年3月15日<br /> {{flagicon|JPN}} 2013年5月4日
346,{{flagicon|USA}} 2013年5月22日<br /> {{flagicon|JPN}} 劇場未公開
347,{{Flagicon|DEU}} 2013年2月15日<small>（[[第63回ベルリン国際映画祭|BIFF]]）</small><br /> {{Flagicon|USA}} 2013年3月22日
348,no_ja
349,no_ja
350,{{flagicon|USA}} [[2013年]][[3月22日]]<br /> {{flagicon|JPN}} 2013年[[6月8日]]
351,{{Flagicon|USA}} [[2013年]][[3月29日]]<br /> {{flagicon|JPN}} 2013年[[6月8日]]
352,no_dates
353,no_ja
354,{{flagicon|USA}} [[2013年]][[3月29日]]<br /> {{flagicon|JPN}} [[2014年]][[6月14日]]
355,no_dates
356,no_ja
357,no_ja
358,[[2013年]][[3月30日]]
359,{{Flagicon|IND}} [[2013年]][[4月5日]] <br /> {{Flagicon|JPN}} [[2014年]][[8月9日]]
360,no_ja
361,no_dates
362,no_ja
363,no_ja
364,no_ja
365,no_ja
366,{{flagicon|USA}} 2013年4月12日<br /> {{flagicon|JPN}} 2013年5月31日
367,{{flagicon|USA}} [[2013年]][[4月12日]]<br /> {{flagicon|JPN}} 2013年[[11月1日]]
368,2012年9月3日（[[第69回ヴェネツィア国際映画祭|ヴェネツィア]]）<br/>2012年9月11日（[[第37回トロント国際映画祭|トロント]]） {{Flagicon|USA}} 2013年4月12日<br /> {{Flagicon|JPN}} 2014年5月24日
369,no_ja
370,no_ja
371,no_ja
372,no_ja
373,no_dates
374,no_ja
375,{{flagicon|JPN}} [[2013年]][[4月26日]]<br /> {{flagicon|USA}} 2013年[[5月3日]]
376,no_ja
377,{{flagicon|USA}} 2013年4月26日<br /> {{flagicon|JPN}} 2013年11月29日
378,{{Flagicon|GBR}} [[2013年]]4月26日<br> {{Flagicon|JPN}} [[2015年]]1月27日
379,no_dates
380,no_ja
381,no_dates
382,no_ja
383,no_ja
384,no_dates
385,no_ja
386,{{Flagicon|IND}} [[2013年]][[5月3日]]
387,no_ja
388,no_dates
389,{{flagicon|CAN}} 2012年9月11日（[[第37回トロント国際映画祭|限定]]）<br /> {{flagicon|USA}} 2013年5月10日<br /> {{flagicon|JPN}} 2013年10月26日（限定）
390,{{Flagicon|IND}} [[2013年]][[5月10日]]<br /> {{Flagicon|JPN}} [[2015年]][[3月21日]]
391,no_dates
392,no_ja
393,{{flagicon|RUS}} 2013年4月18日<br /> {{flagicon|JPN}} 2013年4月27日<br /> {{flagicon|USA}} 2013年5月10日<br /> {{flagicon|UK}} 2013年9月6日
394,{{Flagicon|USA}} [[2013年]]5月10日<br> {{Flagicon|JPN}} 劇場未公開
395,no_ja
396,no_ja
397,{{Flagicon|USA}} [[2013年]]5月17日<br> {{Flagicon|JPN}} 劇場未公開
398,no_ja
399,{{USA}} 2012年9月1日（[[テルライド映画祭|テルライド]]）<br/> {{JPN}} 2014年9月13日
400,no_dates
401,no_dates
402,no_dates
403,{{flagicon|USA}} 2013年5月24日<br /> {{flagicon|JPN}} 2014年10月18日
404,no_dates
405,no_dates
406,{{flagicon|GBR}} [[2013年]][[5月31日]]<br /> {{flagicon|IRE}} 2013年5月31日<br /> {{flagicon|JPN}} 2013年[[9月28日]]
407,{{Flagicon|USA}} 2013年1月20日<br />（[[サンダンス映画祭]]）<br /> {{Flagicon|USA}} 2013年5月31日<br /> {{Flagicon|UK}} 2013年6月28日<br /> {{Flagicon|JPN}} 2014年1月31日
408,{{Flagicon|USA}} [[2013年]]5月31日<br> {{Flagicon|JPN}} [[2017年]]8月19日
409,{{flagicon|USA}} [[2013年]][[5月30日]]<br /> {{flagicon|Japan}} 2013年[[10月25日]]
410,no_ja
411,{{Flagicon|IND}} [[2013年]][[5月31日]]<br /> {{Flagicon|JPN}} [[2015年]][[8月15日]]
412,no_ja
413,{{flagicon|USA}} 2013年6月7日<br /> {{flagicon|JPN}} 劇場未公開
414,no_ja
415,no_ja
416,no_ja
417,{{flagicon|USA}} 2013年6月12日<br/> {{flagicon|JPN}} 劇場未公開
418,{{flagicon|FRA}} 2013年5月15日<br />（[[第66回カンヌ国際映画祭]]）<br /> {{flagicon|USA}} 2013年6月14日<br /> {{flagicon|JPN}} 2013年12月14日
419,no_ja
420,no_dates
421,{{flagicon|USA}} 2013年6月16日<br> {{flagicon|JPN}} 2015年10月6日
422,{{flagicon|USA}} [[2013年]][[6月21日]]<br /> {{flagicon|JPN}} 2013年[[7月6日]]
423,no_ja
424,no_dates
425,no_ja
426,no_ja
427,no_ja
428,{{flagicon|USA}} 2013年6月28日<br /> {{flagicon|JPN}} 2014年5月31日
429,{{flagicon|UK}} 2013年6月28日<br /> {{flagicon|JPN}} 2014年6月7日
430,no_ja
431,no_dates
432,no_dates
433,no_ja
434,no_dates
435,{{Flagicon|USA}} [[2014年]]3月14日（限定公開）<br> {{Flagicon|USA}} 2014年3月28日（拡大公開）<br> {{Flagicon|JPN}} 劇場未公開
436,no_ja
437,no_ja
438,no_dates
439,{{flagicon|USA}} [[2013年]][[1月21日]]<br />（[[サンダンス映画祭]]）<br /> {{flagicon|USA}} 2013年[[7月5日]]<br /> {{flagicon|JPN}} 2014年6月4日
440,{{Flagicon|IND}} [[2013年]][[7月12日]]<br /> {{Flagicon|JPN}} [[2015年]][[1月30日]]
441,no_ja
442,{{Flagicon|USA}} [[2013年]]7月12日<br> {{Flagicon|JPN}} [[2014年]]3月21日
443,no_dates
444,no_dates
445,no_dates
446,no_ja
447,no_ja
448,{{flagicon|USA}} 2013年7月17日
449,{{flagicon|USA}} [[2013年]][[7月19日]]<br /> {{flagicon|JPN}} 2013年[[10月11日]]
450,no_ja
451,no_ja
452,no_dates
453,no_dates
454,no_ja
455,{{flagicon|USA}} 2013年7月26日<br /> {{flagicon|JPN}} 2013年9月13日
456,no_dates
457,no_ja
458,no_ja
459,no_dates
460,no_dates
461,no_ja
462,no_ja
463,{{Flagicon|USA}} [[2013年]]8月2日（限定公開）<br> {{Flagicon|USA}} 2013年9月13日（拡大公開）<br> {{Flagicon|JPN}} 劇場未公開
464,no_dates
465,no_ja
466,no_ja
467,{{Flagicon|World}} [[2013年]][[8月8日]] <br /> {{Flagicon|IND}} 2013年[[8月9日]] <br /> {{Flagicon|JPN}} [[2014年]][[10月26日]]
468,no_dates
469,no_dates
470,no_ja
471,no_dates
472,no_ja
473,no_dates
474,{{Flagicon|USA}} [[2013年]][[1月25日]]<small>（[[サンダンス映画祭|SFF]]）</small>、[[8月16日]]<br /> {{Flagicon|JPN}} 2013年[[11月1日]]
475,{{flagicon|USA}} 2013年8月16日<br /> {{flagicon|JPN}} 2014年11月15日
476,{{flagicon|USA}} 2013年8月21日<br /> {{flagicon|JPN}} 2014年4月19日
477,no_ja
478,no_ja
479,{{flagicon|USA}} 2013年3月10日 {{smaller|([[サウス・バイ・サウスウエスト|SXSW]])}} <br /> {{flagicon|USA}} 2013年8月23日<br /> {{flagicon|JPN}} 2014年11月15日
480,no_ja
481,no_ja
482,no_ja
483,{{flagicon|USA}} 2013年8月30日<br /> {{flagicon|JPN}} 2014年9月20日
484,no_ja
485,no_dates
486,{{flagicon|USA}} [[2013年]][[9月4日]]<br /> {{flagicon|GBR}} 2013年[[11月3日]]<br /> {{flagicon|JPN}} [[2014年]][[9月27日]]
487,no_ja
488,{{flagicon|UK}} 2013年9月4日<br /> {{flagicon|USA}} 2013年9月6日<br /> {{flagicon|JPN}} 2014年3月8日
489,no_ja
490,no_ja
491,2013年9月9日([[第38回トロント国際映画祭|TIFF]])<br /> {{Flagicon|USA}} 2013年12月27日<br /> {{Flagicon|JPN}} 2014年4月18日
492,{{flagicon|USA}} [[2013年]][[9月13日]]<br /> {{flagicon|JPN}} 2013年[[11月15日]]
493,{{flagicon|USA}} [[2013年]][[9月13日]]<br /> {{flagicon|JPN}} [[2014年]][[1月10日]]
494,no_ja
495,no_dates
496,{{flagicon|USA}} 2013年9月20日<br /> {{flagicon|JPN}} 2014年5月3日
497,no_dates
498,no_ja
499,{{Flagicon|USA}} {{Flagicon|CAN}} [[1939年]][[8月25日]] <br /> {{Flagicon|JPN}} [[1954年]][[12月22日]]
500,no_ja
501,no_ja
502,{{flagicon|USA}} 2013年1月18日<br />（[[サンダンス映画祭]]）<br /> {{flagicon|USA}} 2013年9月27日<br /> {{flagicon|JPN}} 2014年3月15日
503,no_ja
504,no_ja
505,{{flagicon|USA}} 2013年10月4日<br /> {{flagicon|JPN}} 2014年11月21日
506,no_ja
507,no_dates
508,no_dates
509,no_dates
510,no_ja
511,{{flagicon|CAN}} 2013年9月5日<br />（[[第38回トロント国際映画祭]]）<br /> {{flagicon|USA}} 2013年10月18日<br /> {{flagicon|IND}} 2013年10月25日<br /> {{flagicon|JPN}} 劇場未公開
512,no_dates
513,no_dates
514,no_dates
515,no_ja
516,no_dates
517,no_ja
518,no_dates
519,no_dates
520,no_dates
521,no_ja
522,no_dates
523,no_ja
524,no_ja
525,{{flagicon|HUN}} {{flagicon|ISR}} 2013年10月31日<br /> {{flagicon|USA}} 2013年11月1日<br /> {{flagicon|JPN}} 2014年5月24日
526,{{flagicon|USA}} 2013年10月3日（限定）<br /> {{flagicon|USA}} 2013年11月8日<br /> {{flagicon|JPN}} 劇場未公開
527,no_dates
528,{{Flagicon|USA}} [[2013年]][[11月15日]]<br>
529,no_ja
530,no_dates
531,no_ja
532,{{Flagicon|USA}} [[2013年]]11月22日<br> {{Flagicon|JPN}} 劇場未公開
533,no_dates
534,no_dates
535,{{flagicon|USA}} [[2013年]][[12月18日]]<br /> {{flagicon|JPN}} 劇場未公開
536,{{Flagicon|USA}} [[2013年]]11月27日<br> {{Flagicon|JPN}} 劇場未公開
537,no_dates
538,{{flagicon|USA}} 2013年11月27日<br /> {{flagicon|JPN}} 2014年8月9日
539,no_dates
540,no_dates
541,no_dates
542,no_ja
543,no_ja
544,no_dates
545,no_dates
546,{{Flagicon|USA}} 2013年11月9日（[[アメリカン・フィルム・インスティチュート|AFI映画祭]]）<br /> {{Flagicon|USA}} 2013年12月4日<br /> {{Flagicon|JPN}} 2014年9月27日
547,no_ja
548,no_dates
549,no_ja
550,no_dates
551,no_dates
552,no_dates
553,no_ja
554,{{flagicon|JPN}} [[2013年]][[12月20日]]<br /> {{flagicon|USA}} 2013年12月20日
555,{{flagicon|JPN}} [[2013年]][[12月6日]]<br /> {{flagicon|USA}} 2013年[[12月25日]]
556,{{Flagicon|USA}} 2013年12月25日<br /> {{Flagicon|JPN}} 2014年4月4日
557,no_dates
558,{{flagicon|USA}} [[2014年]][[1月10日]]（全米公開）<br /> {{flagicon|JPN}} 2014年[[3月21日]]
559,no_dates
560,no_ja
561,{{flagicon|ITA}} 2013年8月14日<br /> {{flagicon|USA}} 2014年1月3日<br /> {{flagicon|JPN}} 2014年6月14日
562,no_dates
563,no_dates
564,no_ja
565,no_ja
566,no_ja
567,{{flagicon|USA}} 2014年1月10日<br /> {{flagicon|JPN}} 2014年9月6日
568,no_ja
569,no_ja
570,{{flagiCom |JPN}} [[2015年]][[2月21日]]
571,no_ja
572,no_dates
573,no_ja
574,{{Flagicon|USA}} [[2014年]]10月10日<br> {{Flagicon|JPN}} [[2015年]]4月17日
575,no_ja
576,{{flagicon|ISR}} 2013年8月15日<br /> {{flagicon|JPN}} 2014年11月22日
577,no_ja
578,no_ja
579,no_ja
580,{{Flagicon|IRE}} [[2014年]]9月9日<br> {{Flagicon|UK}} 同上<br> {{Flagicon|JPN}} 2014年10月4日
581,no_ja
582,{{Flagicon|USA}} 2014年1月17日（[[サンダンス映画祭|サンダンス]]）<br/> {{Flagicon|USA}} 2014年9月17日<br/> {{Flagicon|JPN}} 2014年11月8日
583,no_ja
584,no_ja
585,{{Flagicon|USA}} [[2014年]]10月24日<br> {{Flagicon|JPN}} 劇場未公開
586,{{flagicon|JPN}} [[2013年]][[9月28日]]<br/> {{flagicon|TWN}} [[2013年]][[10月25日]]<br/> {{flagicon|HKG}} {{flagicon|MAC}} [[2013年]][[10月31日]]<br/> {{flagicon|KOR}} [[2013年]][[12月19日]]
587,no_ja
588,{{flagicon|USA}} 2014年1月17日
589,no_ja
590,no_dates
591,no_ja
592,no_ja
593,no_ja
594,no_ja
595,no_ja
596,no_ja
597,{{flagicon|GBR}} 2014年1月18日<br /> {{flagicon|JPN}} 2015年8月1日
598,no_ja
599,no_dates
600,{{flagicon|USA}} [[2014年]][[7月18日]] <br /> {{flagicon|JPN}} [[2015年]][[6月12日]]
601,{{flagicon|USA}} 2014年1月18日<br />（[[サンダンス映画祭]]）<br /> {{flagicon|USA}} 2014年10月17日<br /> {{flagicon|JPN}} 2015年3月28日
602,2014年1月19日<small>（第30回サンダンス映画祭）</small> <br /> {{Flagicon|USA}} 2014年7月11日<small></small><br /> {{flagicon|JPN}} 2014年11月14日
603,no_ja
604,{{flagicon|NOR}} [[2014年]][[2月12日]]<br /> {{flagicon|JPN}} [[2020年]][[1月31日]]
605,{{flagicon|USA}} 2014年1月19日<br />（[[サンダンス映画祭]]）<br /> {{flagicon|USA}} 2014年7月25日<br /> {{flagicon|UK}} 2014年9月5日<br /> {{flagicon|JPN}} 2014年10月17日
606,{{Flagicon|USA}} 2014年9月17日<br> {{Flagicon|JPN}} 2015年2月7日
607,{{flagicon|USA}} [[2014年]][[1月20日]]<br /> {{flagicon|JPN}} [[2015年]][[5月15日]]
608,{{Flagicon|GBR}} [[2014年]]4月25日<br> {{Flagicon|JPN}} [[2015年]]5月1日
609,no_ja
610,{{Flagicon|USA}} [[2014年]][[1月21日]]<br />（[[サンダンス映画祭]])<br /> {{Flagicon|IDN}} 2014年[[3月28日]]<br /> {{Flagicon|JPN}} 2014年[[11月22日]]
611,no_ja
612,no_ja
613,no_dates
614,{{Flagicon|USA}} 2014年1月24日<br> {{Flagicon|JPN}} 2014年9月6日
615,no_ja
616,no_ja
617,no_ja
618,no_dates
619,{{flagicon|FRA}} 2014年1月27日（限定）<br /> {{flagicon|FRA}} 2014年2月26日<br /> {{flagicon|USA}} 2014年2月28日<br /> {{flagicon|JPN}} 2014年9月6日
620,{{flagicon|USA}} 2014年1月27日<br /> {{flagicon|JPN}} 2015年9月19日
621,no_ja
622,{{Flagicon|USA}} 2014年2月12日<br /> {{Flagicon|JPN}} 2014年3月14日
623,no_ja
624,no_dates
625,no_ja
626,no_dates
627,no_ja
628,no_ja
629,{{Flagicon|GER}} 2014年2月6日([[第64回ベルリン国際映画祭|Berlinale]])<br /> {{Flagicon|USA}} 2014年3月7日<br /> {{Flagicon|JPN}} 2014年6月6日
630,no_ja
631,no_dates
632,no_ja
633,no_ja
634,no_ja
635,{{Flagicon|UK}} [[2014年]]3月21日<br> {{Flagicon|GER}} 2014年4月3日<br> {{Flagicon|JPN}} 劇場未公開
636,no_ja
637,no_ja
638,2014年2月11日<small>([[第64回ベルリン国際映画祭|Berlinale]])</small><br> {{Flagicon|UK}} 2014年4月16日<br> {{Flagicon|USA}} 2014年8月28日<br> {{Flagicon|JPN}} 2015年4月11日
639,{{Flagicon|USA}} 2014年2月21日<br /> {{Flagicon|FRA}} 2014年3月19日<br /> {{Flagicon|JPN}} 2014年6月21日
640,{{Flagicon|FRA}} [[2014年]][[2月12日]]<br /> {{Flagicon|GER}} [[2014年]][[2月14日]]<small>（[[第64回ベルリン国際映画祭|BIFF]]）</small> <br /> {{Flagicon|JPN}} [[2014年]][[11月1日]]
641,no_ja
642,no_ja
643,no_ja
644,{{flagicon|UK}} 2014年2月14日<br /> {{flagicon|JPN}} 2014年10月25日
645,no_ja
646,{{flagicon|USA}} 2014年2月14日
647,no_ja
648,{{Flagicon|USA}} 2014年2月21日<br /> {{Flagicon|JPN}} 2014年6月7日
649,no_ja
650,no_ja
651,no_ja
652,no_ja
653,no_ja
654,no_dates
655,no_ja
656,{{flagicon|USA}} 2014年3月7日<br />（[[サウス・バイ・サウスウエスト]]）<br /> {{flagicon|USA}} 2014年5月9日<br /> {{flagicon|JPN}} 2015年2月28日
657,{{flagicon|USA}} 2014年3月8日<br />（[[サウス・バイ・サウスウエスト]]）<br /> {{flagicon|USA}} 2014年5月9日<br /> {{flagicon|JPN}} 2015年1月24日
658,no_dates
659,no_ja
660,no_ja
661,no_ja
662,{{Flagicon|MEX}} 2014年3月10日<small>（プレミア）</small><br /> {{flagicon|USA}} 2014年3月28日<br /> {{flagicon|JPN}} 2014年6月13日
663,{{flagicon|USA}} [[2014年]][[3月21日]]<br /> {{flagicon|JPN}} [[2014年]][[9月6日]]
664,no_ja
665,no_dates
666,no_dates
667,{{Flagicon|USA}} [[2014年]]3月14日（限定公開）<br> {{Flagicon|USA}} 2014年3月28日（拡大公開）<br> {{Flagicon|JPN}} 劇場未公開
668,{{Flagicon|USA}} {{Flagicon|CAN}} 2014年3月14日
669,no_ja
670,no_dates
671,no_ja
672,{{Flagicon|USA}} 2014年3月21日<br /> {{Flagicon|JPN}} 2014年7月11日
673,{{flagicon|USA}} 2014年3月19日（限定）<br /> {{flagicon|USA}} 2014年3月28日<br /> {{flagicon|JPN}} 2014年11月7日
674,no_ja
675,no_ja
676,{{Flagicon|USA}} [[2014年]]3月28日<br> {{Flagicon|JPN}} 劇場未公開
677,no_ja
678,no_dates
679,{{flagicon|USA}} 2014年4月25日<br /> {{flagicon|JPN}} 劇場未公開
680,no_ja
681,no_ja
682,{{Flagicon|USA}} 2014年4月11日<br> {{Flagicon|JPN}} 2015年1月30日
683,no_ja
684,no_dates
685,{{Flagicon|USA}} [[2014年]]4月16日<br> {{Flagicon|JPN}} 2014年12月13日
686,no_ja
687,no_ja
688,no_ja
689,no_ja
690,no_ja
691,no_ja
692,no_ja
693,{{flagicon|JPN}} [[2014年]][[4月19日]]<br /> {{flagicon|TWN}} 2014年[[7月11日]]<br /> {{flagicon|KOR}} {{flagicon|Singapore}} 2014年[[8月7日]]<br /> {{flagicon|Malaysia}} {{flagicon|USA}} 2014年[[8月14日]]<br /> {{flagicon|Thailand}} 2014年[[10月9日]]
694,{{Flagicon|JPN}} [[2014年]][[5月17日]]
695,{{flagicon|FRA}} 2014年4月23日<br /> {{flagicon|CAN}} {{flagicon|USA}} 2014年4月25日<br /> {{flagicon|JPN}} 2014年9月6日
696,no_ja
697,{{Flagicon|USA}} [[2014年]]5月2日<br> {{Flagicon|JPN}} [[2015年]]6月5日
698,{{flagicon|USA}} 2014年5月16日<br /> {{flagicon|JPN}} 2014年10月4日
699,{{Flagicon|USA}} [[2014年]][[5月16日]]<br /> {{Flagicon|JPN}} 2014年[[7月25日]]
700,no_ja
701,no_dates
702,no_ja
703,{{Flagicon|USA}} 2014年6月6日<br> {{Flagicon|JPN}} 2015年2月20日
704,{{Flagicon|USA}} 2014年6月13日<br /> {{Flagicon|JPN}} 2015年3月19日
705,{{flagicon|FRA}} 2014年5月17日（[[第67回カンヌ国際映画祭|カンヌ国際映画祭]]）<br/> {{flagicon|USA}} 2015年3月13日<br/> {{flagicon|JPN}} 2016年1月8日
706,no_ja
707,no_dates
708,{{flagicon|FRA}} [[2014年]][[5月17日]]（[[第67回カンヌ国際映画祭|カンヌ]]）<br /> {{flagicon|DEN}} 2014年[[5月22日]]<br/> {{flagicon|JPN}} [[2015年]][[6月27日]]
709,no_dates
710,no_ja
711,{{Flagicon|USA}} 2014年11月14日<br> {{Flagicon|JPN}} 2015年2月14日
712,no_ja
713,no_ja
714,{{flagicon|USA}} 2014年5月23日（限定）<br /> {{flagicon|JPN}} 2015年1月12日（限定）
715,{{Flagicon|USA}} [[2014年]]5月23日<br> {{Flagicon|JPN}} 劇場未公開
716,no_dates
717,no_dates
718,no_ja
719,{{flagicon|USA}} 2014年5月30日<br /> {{flagicon|JPN}} 2014年10月10日
720,no_ja
721,no_ja
722,no_dates
723,no_ja
724,{{Flagicon|USA}} [[2014年]][[6月14日]] ([[ロサンゼルス]]映画祭)<br /> {{Flagicon|USA}} 2014年[[7月2日]]<br /> {{Flagicon|JPN}} [[2015年]][[10月24日]]
725,no_dates
726,{{Flagicon|USA}} [[2014年]]6月20日<br> {{Flagicon|JPN}} 劇場未公開
727,{{Flagicon|RUS}} [[2014年]][[6月28日]]<small>（[[モスクワ国際映画祭|MIFF]]）</small><br /> {{Flagicon|USA}} 2014年[[7月11日]]<br /> {{Flagicon|JPN}} 2014年[[9月19日]]
728,no_ja
729,no_ja
730,no_ja
731,no_dates
732,no_ja
733,no_ja
734,{{flagicon|USA}} 2014年7月2日<br /> {{flagicon|JPN}} 2014年9月20日
735,no_ja
736,no_ja
737,{{Flagicon|USA}} [[2014年]]7月2日<br> {{Flagicon|JPN}} 劇場未公開
738,no_ja
739,no_ja
740,no_ja
741,no_ja
742,{{flagicon|USA}} [[2014年]][[7月18日]]<br /> {{flagicon|JPN}} [[2015年]][[8月1日]]
743,{{flagicon|USA}} 2014年7月18日<br /> {{flagicon|JPN}} 2015年6月9日
744,no_ja
745,no_infobox
746,{{Flagicon|USA}} [[2015年]]4月17日<br> {{Flagicon|JPN}} [[2016年]]7月30日
747,no_ja
748,no_ja
749,{{Flagicon|USA}} 2014年7月21日 ([[ドルビー・シアター]])<br /> {{Flagicon|USA}} 2014年8月1日<br /> {{Flagicon|JPN}} 2014年9月13日
750,{{Flagicon|USA}} 2014年7月25日<br /> {{Flagicon|JPN}} 劇場未公開
751,no_ja
752,{{flagicon|USA}} 2014年7月25日<br /> {{flagicon|JPN}} 2014年10月24日
753,no_ja
754,{{flagicon|USA}} 2014年7月25日<br /> {{flagicon|FRA}} 2014年8月6日<br /> {{flagicon|JPN}} 2014年8月29日
755,{{Flagicon|USA}} 2014年7月25日<br> {{Flagicon|JPN}} 2015年4月11日
756,no_ja
757,no_ja
758,{{flagicon|USA}} [[2014年]][[8月15日]]<br /> {{flagicon|JPN}} 2014年[[11月1日]]
759,{{Flagicon|USA}} [[2014年]]8月22日<br> {{Flagicon|JPN}} 劇場未公開
760,no_ja
761,{{flagicon|USA}} 2014年8月8日<br /> {{flagicon|JPN}} 2014年11月1日
762,{{Flagicon|USA}} 2014年8月8日<br /> {{Flagicon|JPN}} 2014年8月22日
763,{{flagicon|JPN}} 2014年8月8日<br /> {{flagicon|USA}} 2014年10月24日<br /> {{flagicon|ITA}} 2014年11月6日<br /> {{flagicon|RUS}} 2014年12月10日<br /> {{flagicon|SGP}} 2014年12月11日<br /> {{flagicon|VIE}} 2014年12月12日<br /> {{flagicon|IDN}} 2014年12月18日<br /> {{flagicon|TWN}} 2014年12月19日<br /> {{flagicon|ESP}} 2014年12月19日<br /> {{flagicon|CAM}} 2014年12月25日<br /> {{flagicon|THA}} 2014年12月31日<br /> {{flagicon|MYS}} 2015年1月29日<br /> {{flagicon|HKG}} {{flagicon|MAC}} 2015年2月5日<br /> {{flagicon|KOR}} 2015年2月12日<br /> {{flagicon|CHN}} 2015年5月28日<br /> {{flagicon|PHI}} 2015年6月17日<br /> {{flagicon|TUR}} 2015年9月11日<br /> {{flagicon|SAU}} 2015年12月17日<br /> {{flagicon|FRA}} 2015年<br /> {{flagicon|BEL}} 2016年2月6日<br /> {{flagicon|IND}} 2016年6月19日<br /> {{flagicon|PRT}} 2018年2月24日
764,no_ja
765,{{flagicon|USA}} 2014年8月11日（プレミア上映）<br /> {{flagicon|USA}} 2014年8月15日<br /> {{flagicon|JPN}} 2015年9月5日
766,no_ja
767,no_ja
768,no_ja
769,no_dates
770,no_ja
771,{{flagicon|USA}} 2014年8月18日<br />（ニューヨークプレミア）<br /> {{flagicon|USA}} 2014年8月22日<br /> {{flagicon|JPN}} 2014年10月11日
772,no_dates
773,{{Flagicon|USA}} 2014年10月17日<br> {{Flagicon|JPN}} 2015年4月10日
774,{{flagicon|USA}} 2014年8月27日<br /> {{flagicon|JPN}} 2015年1月17日
775,no_ja
776,{{flagicon|GBR}} 2014年11月14日<br /> {{flagicon|USA}} 2014年11月28日<br /> {{flagicon|JPN}} 2015年3月13日
777,no_ja
778,{{Flagicon|USA}} [[2014年]]12月3日<br> {{Flagicon|JPN}} [[2015年]]8月28日
779,{{flagicon|USA}} 2014年9月26日
780,{{flagicon|NZL}} 2014年9月4日<br /> {{flagicon|UK}} 2014年9月5日<br /> {{flagicon|JPN}} 2015年5月23日
781,{{Flagicon|USA}} 2014年10月10日<br> {{Flagicon|JPN}} 2015年1月17日
782,no_ja
783,no_dates
784,{{flagicon|USA}} 2014年10月10日<small>(限定公開)</small><br /> {{flagicon|USA}} 2014年10月24日<br /> {{flagicon|JPN}} 2015年9月4日
785,no_ja
786,no_ja
787,no_ja
788,{{Flagicon|USA}} [[2014年]]12月12日
789,{{flagicon|CAN}} 2014年9月6日<br />（[[トロント国際映画祭]]）<br /> {{flagicon|USA}} 2014年9月19日<br /> {{flagicon|JPN}} 2015年7月18日
790,{{flagicon|CAN}} 2014年9月7日<br />（[[トロント国際映画祭]]）<br /> {{flagicon|USA}} 2014年9月26日<br /> {{flagicon|JPN}} 2014年10月25日
791,{{flagicon|USA}} [[2014年]][[10月3日]]<br /> {{flagicon|JPN}} [[2015年]][[4月17日]]
792,no_ja
793,no_ja
794,{{Flagicon|USA}} 2014年11月7日<br> {{Flagicon|JPN}} 2015年3月13日
795,no_ja
796,no_ja
797,{{flagicon|USA}} 2014年9月12日<br /> {{flagicon|JPN}} 劇場未公開
798,{{Flagicon|IND}} [[2014年]][[9月12日]]<br /> {{Flagicon|JPN}} [[2015年]][[3月15日]]
799,{{Flagicon|USA}} 2014年9月12日<br> {{Flagicon|JPN}} [[2015年]]5月31日
800,{{flagicon|USA}} 2014年9月19日<br /> {{flagicon|JPN}} 2015年5月22日
801,{{Flagicon|USA}} [[2014年]]9月19日<br> {{Flagicon|JPN}} 劇場未公開
802,{{flagicon|USA}} 2014年9月19日<br /> {{flagicon|JPN}} 2015年5月30日
803,no_dates
804,no_ja
805,{{Flagicon|USA}} 2014年10月3日 <br/> {{Flagicon|JPN}} 2014年12月12日
806,no_ja
807,no_ja
808,{{Flagicon|USA}} 2014年10月3日<br> {{Flagicon|JPN}} 2015年6月27日
809,2014年10月4日([[ニューヨーク映画祭|ニューヨーク]])<br /> {{Flagicon|USA}} 2014年12月12日<br /> {{Flagicon|JPN}} 2015年4月18日
810,no_infobox
811,no_ja
812,no_ja
813,no_ja
814,{{flagicon|FRA}} 2014年8月6日<br /> {{flagicon|UK}} 2014年10月3日<br /> {{flagicon|USA}} {{flagicon|CAN}} 2014年10月17日<br /> {{flagicon|JPN}} 2014年10月31日
815,no_ja
816,{{Flagicon|USA}} 2014年10月17日
817,{{flagicon|USA}} [[2014年]][[10月24日]]<br /> {{flagicon|JPN}} [[2015年]][[10月16日]]
818,no_ja
819,no_ja
820,no_dates
821,{{Flagicon|USA}} [[2014年]]10月17日<br> {{Flagicon|JPN}} [[2015年]]8月22日
822,{{flagicon|USA}} 2014年10月22日<br />（ {{仮リンク|ニューオーリンズ・フィルム・フェスティバル|en|New Orleans Film Festival}} ）<br /> {{flagicon|RUS}} 2015年1月22日<br /> {{flagicon|USA}} 2015年7月24日<br /> {{flagicon|JPN}} 2015年11月7日
823,no_dates
824,no_ja
825,{{Flagicon|USA}} [[2014年]][[10月24日]]<br> {{Flagicon|JPN}} 劇場未公開
826,{{Flagicon|USA}} 2014年11月7日<small>（プレミア）</small><br /> {{Flagicon|USA}} 2014年11月7日<br /> {{Flagicon|JPN}} {{Flagicon|CHN}} 2014年11月22日
827,no_ja
828,{{Flagicon|USA}} [[2014年]]12月31日（限定公開）<br> {{Flagicon|USA}} [[2015年]]1月30日（拡大公開）<br> {{Flagicon|JPN}} 2015年10月1日
829,{{Flagicon|USA}} [[2014年]]11月7日<br> {{Flagicon|JPN}} [[2015年]]3月14日
830,{{flagicon|USA}} 2014年12月25日<br /> {{flagicon|JPN}} 2016年3月12日
831,no_ja
832,{{Flagicon|USA}} 2014年12月25日（限定公開）<br> {{Flagicon|USA}} 2015年1月16日（全国公開）<br> {{Flagicon|JPN}} 2015年2月21日
833,no_infobox
834,no_ja
835,{{flagicon|USA}} 2014年11月26日<br> {{flagicon|JPN}} 2015年11月14日
836,no_ja
837,{{flagicon|USA}} 2014年12月25日<br /> {{flagicon|JPN}} 2016年2月6日
838,{{flagicon|USA}} 2014年11月26日<br /> {{flagicon|JPN}} 劇場未公開
839,{{Flagicon|UK}} [[2014年]][[11月28日]]<br /> {{Flagicon|JPN}} [[2016年]][[1月15日]]
840,{{Flagicon|GBR}} 2014年12月1日<small>（ロンドンプレミア）</small><br /> {{Flagicon|NZL}} 2014年12月11日<br /> {{Flagicon|GBR}} 2014年12月12日<br /> {{Flagicon|JPN}} 2014年12月13日<br /> {{Flagicon|USA}} 2014年12月17日
841,no_ja
842,[[2014年]][[12月6日]]
843,{{Flagicon|USA}} [[2014年]][[12月19日]]<br /> {{Flagicon|JPN}} [[2015年]][[1月24日]]
844,{{flagicon|USA}} 2014年12月25日<br /> {{flagicon|JPN}} 2015年3月14日
845,no_ja
846,{{Flagicon|USA}} 2014年12月25日<small>（限定）</small>
847,{{flagicon|USA}} 2014年12月19日<br /> {{flagicon|JPN}} 2015年3月20日
848,{{Flagicon|USA}} [[2014年]][[12月12日]]<br> {{Flagicon|JPN}} [[2015年]][[1月30日]]
849,{{Flagicon|GBR}} 2015年1月29日<br /> {{flagicon|USA}} 2015年2月13日<br /> {{Flagicon|JPN}} 2015年9月11日
850,{{flagicon|GER}} 2014年12月16日<br />（ベルリンプレミア）<br /> {{flagicon|USA}} {{flagicon|JPN}} 2015年1月9日<br /> {{flagicon|FRA}} 2015年1月21日
851,{{flagicon|FRA}} 2014年12月17日<br /> {{flagicon|USA}} 2015年2月6日<br /> {{flagicon|JPN}} 劇場未公開
852,{{Flagicon|UK}} 2014年10月31日<br> {{Flagicon|USA}} 2014年12月19日<br> {{Flagicon|JPN}} 2015年
853,{{flagicon|IND}} 2014年12月19日<br /> {{flagicon|JPN}} 2016年10月29日
854,{{Flagicon|USA}} [[2014年]][[12月25日]]<br /> {{Flagicon|JPN}} [[2015年]][[1月23日]]
855,no_ja
856,{{flagicon|USA}} 2014年12月25日<br /> {{flagicon|JPN}} 2015年6月19日
857,{{flagicon|AUS}} 2014年12月26日<br /> {{flagicon|USA}} 2015年4月24日<br /> {{flagicon|JPN}} 2016年2月27日
858,no_ja
859,{{flagicon|GBR}} [[2015年]][[1月1日]]<br /> {{flagicon|USA}} 2015年[[1月2日]]<br /> {{flagicon|JPN}} 2015年[[11月21日]]
860,no_ja
861,{{flagicon|USA}} [[2015年]][[1月16日]] <br /> {{flagicon|Japan}} [[2015年]][[5月8日]]
862,no_ja
863,no_ja
864,{{flagicon|FRA}} 2015年1月14日<br /> {{flagicon|USA}} 2015年1月30日<br /> {{flagicon|JPN}} 2015年1月31日
865,no_ja
866,{{Flagicon|CAN}} 2014年9月8日<br />（[[トロント国際映画祭]]）<br /> {{Flagicon|USA}} 2014年12月5日<br /> {{Flagicon|JPN}} 2015年6月27日
867,no_dates
868,{{Flagicon|GBR}} [[2015年]][[1月21日]]<br /> {{flagicon|USA}} 2015年[[4月24日]]<br /> {{flagicon|JPN}} [[2016年]][[6月11日]]
869,no_ja
870,no_ja
871,{{flagicon|GBR}} [[2014年]][[12月5日]]<br /> {{flagicon|USA}} [[2015年]][[1月23日]]<br /> {{flagicon|JPN}} 2015年[[8月15日]]
872,{{Flagicon|USA}} [[2015年]]1月23日
873,no_ja
874,{{Flagicon|USA}} [[2015年]]5月8日<br> {{Flagicon|JPN}} 劇場未公開
875,no_ja
876,{{flagicon|USA}} 2015年1月23日<br />（[[サンダンス映画祭]]）<br /> {{flagicon|USA}} 2015年10月9日<br /> {{flagicon|JPN}} 2016年6月11日
877,no_dates
878,{{flagicon|USA}} 2015年1月23日<br /> {{flagicon|JPN}} 2015年2月6日
879,no_ja
880,{{Film date|2015|01|23}}
881,{{flagicon|USA}} [[2015年]][[7月10日]]<br /> {{flagicon|JPN}} [[2017年]][[1月28日]]
882,{{flagicon|USA}} 2015年1月23日<br />（[[サンダンス映画祭]]）<br /> {{flagicon|USA}} 2015年9月2日<br /> {{flagicon|JPN}} 2016年7月30日
883,no_ja
884,{{Flagicon|USA}} [[2015年]]9月25日<br> {{Flagicon|JPN}} 劇場未公開
885,{{Flagicon|USA}} [[2015年]]8月14日<br> {{Flagicon|JPN}} 劇場未公開
886,{{Flagicon|イギリス}} [[2015年]][[2月6日]]<br /> {{Flagicon|フランス}} [[2015年]][[4月1日]]<br /> {{Flagicon|日本}} [[2015年]][[7月4日]]
887,no_ja
888,{{Flagicon|UK}} [[2015年]]6月26日<br> {{Flagicon|JPN}} [[2016年]]7月17日
889,{{Flagicon|USA}} [[2015年]][[8月28日]]<br> {{Flagicon|JPN}} [[2018年]][[6月23日]]
890,no_ja
891,{{flagicon|USA}} 2015年1月25日<br />（[[サンダンス映画祭]]）<br /> {{flagicon|USA}} 2015年6月12日<br /> {{flagicon|JPN}} 劇場未公開
892,no_ja
893,no_ja
894,no_dates
895,no_ja
896,{{flagicon|USA}} [[2015年]][[2月6日]]<br /> {{flagicon|JPN}} 2015年[[3月28日]]
897,no_ja
898,no_ja
899,no_ja
900,no_ja
901,no_ja
902,no_ja
903,no_dates
904,{{flagicon|USA}} [[2015年]][[1月30日]]<br /> {{flagicon|JPN}} 劇場未公開
905,no_ja
906,no_ja
907,no_ja
908,{{flagicon|UK}} [[2015年]][[8月28日]]<br> {{flagicon|JPN}} [[2016年]][[4月9日]]
909,no_ja
910,{{flagicon|UK}} [[2014年]][[10月22日]]<br /> {{flagicon|GER}} 2014年[[10月30日]]<br /> {{flagicon|JPN}} 2014年[[12月13日]]
911,no_ja
912,no_ja
913,{{Flagicon|USA}} [[2015年]][[2月6日]]<br /> {{Flagicon|KOR}} 2015年[[2月18日]]<br /> {{Flagicon|JPN}} 2015年[[5月16日]]
914,no_ja
915,no_dates
916,no_ja
917,{{Film date|df|=|y|2015|02|08|ドイツ|2015|02|20|エストニア|2015|08|25|フィンランド}}
918,no_ja
919,no_ja
920,no_dates
921,"{{Plainlist|
* |Flagicon|USA| 2015年2月9日<small>（[[ロサンゼルス]]）</small>
* |Flagicon|USA| 2015年2月13日
* |Flagicon|JPN| 2015年2月13日}} {{Flagicon|USA}} 2015年2月9日<small>（[[ロサンゼルス]]）</small>
* {{Flagicon|USA}} 2015年2月13日
* {{Flagicon|JPN}} 2015年2月13日"
922,{{flagicon|GER}} 2015年2月9日（[[ベルリン国際映画祭]]） <br /> {{flagicon|AUS}} 2015年9月10日<br /> {{flagicon|GER}} 2015年9月24日<br /> {{flagicon|CAN}} 2015年12月4日<br /> {{flagicon|JPN}} 2015年12月19日
923,no_ja
924,no_ja
925,no_ja
926,{{Flagicon|USA}} [[2015年]]2月20日
927,no_ja
928,no_dates
929,no_ja
930,no_ja
931,no_ja
932,no_ja
933,no_ja
934,{{Flagicon|USA}} [[2015年]]2月20日
935,{{flagicon|USA}} [[2015年]][[2月20日]] <br /> {{flagicon|JPN}} 劇場未公開
936,no_ja
937,{{flagicon|USA}} 2015年2月27日<br /> {{flagicon|JPN}} 2015年5月1日
938,{{Flagicon|UK}} 2015年2月26日<br /> {{Flagicon|USA}} 2015年3月6日<br /> {{Flagicon|JPN}} 2016年3月4日
939,no_ja
940,{{Flagicon|USA}} [[2015年]]2月27日<br> {{Flagicon|JPN}} [[2016年]]6月11日
941,no_ja
942,{{Flagicon|USA}} [[2015年]][[3月6日]]<br /> {{Flagicon|JPN}} 2015年[[5月23日]]
943,no_ja
944,no_ja
945,no_ja
946,{{flagicon|USA}} 2015年3月27日<br/> {{flagicon|JPN}} 2016年7月6日 ([[オリジナルビデオ]])
947,no_ja
948,no_ja
949,{{Film date|2015|03|13|df|=|yes}}
950,{{flagicon|USA}} [[2015年]][[10月9日]] <br /> {{flagicon|JPN}} 日本劇場未公開
951,{{flagicon|USA}} 2015年3月13日<br /> {{flagicon|JPN}} 2015年5月16日
952,no_ja
953,no_ja
954,{{Flagicon|USA}} [[2016年]]3月11日<br> {{Flagicon|JPN}} 劇場未公開
955,{{flagicon|USA}} 2015年7月17日<br /> {{flagicon|JPN}} 2017年3月4日
956,no_ja
957,{{Flagicon|USA}} 2015年3月20日<br> {{Flagicon|JPN}} 2015年10月16日
958,{{Flagicon|USA}} [[2015年]]3月20日<br> {{Flagicon|JPN}} 2015年9月5日
959,no_ja
960,{{Flagicon|USA}} [[2015年]]3月20日<br> {{Flagicon|JPN}} [[2016年]]2月6日
961,no_ja
962,no_ja
963,{{Flagicon|USA}} [[2015年]]3月27日<br> {{Flagicon|JPN}} 劇場未公開
964,{{Flagicon|USA}} [[2015年]][[4月3日]]<br /> {{Flagicon|JPN}} 2015年[[4月17日]]
965,{{flagicon|GBR}} [[2015年]][[4月10日]]<br /> {{flagicon|USA}} 2015年4月10日<br /> {{flagicon|JPN}} 2015年[[11月27日]]
966,no_ja
967,{{flagicon|USA}} [[2015年]][[4月3日]]<br /> {{flagicon|JPN}} 2015年[[11月14日]]
968,no_ja
969,{{flagicon|FRA}} 2015年4月8日<br /> {{flagicon|USA}} 2015年8月7日<br /> {{flagicon|JPN}} 2016年6月24日
970,no_ja
971,{{Flagicon|USA}} 2015年4月10日<br> {{Flagicon|JPN}} 劇場未公開
972,no_ja
973,{{Flagicon|USA}} 2015年5月1日<br/> {{Flagicon|JPN}} 2015年7月4日
974,no_ja
975,no_ja
976,no_ja
977,{{flagicon|USA}} 2015年4月17日<br/> {{flagicon|JPN}} 2015年7月3日
978,no_ja
979,no_ja
980,no_dates
981,{{flagicon|USA}} 2015年4月19日<br />（[[トライベッカ映画祭]]）<br /> {{flagicon|UK}} 2015年5月29日 <br /> {{flagicon|JPN}} 2016年7月16日
982,no_dates
983,{{flagicon|USA}} 2015年4月22日<br />（[[トライベッカ映画祭]] ）<br /> {{flagicon|USA}} 2015年5月8日 <br /> {{flagicon|JPN}} 2016年2月6日
984,{{flagicon|AUS}} 2014年12月26日<br /> {{flagicon|USA}} 2015年4月24日<br /> {{flagicon|JPN}} 2016年2月27日
985,{{Flagicon|USA}} [[2015年]]4月24日<br> {{Flagicon|JPN}} 2015年10月17日
986,no_ja
987,no_ja
988,no_ja
989,no_ja
990,no_ja
991,{{flagicon|USA}} [[2015年]][[5月15日]]<br /> {{flagicon|JPN}} 2015年[[6月20日]]
992,{{Flagicon|USA}} [[2015年]]5月8日<br> {{Flagicon|JPN}} 劇場未公開
993,no_ja
994,{{flagicon|USA}} [[2015年]][[5月8日]]<br /> {{flagicon|JPN}} 2015年[[7月25日]]
995,no_ja
996,{{flagicon|USA}} [[2015年]][[5月22日]]<br/> {{flagicon|Japan}} 2015年[[6月6日]]
997,no_ja
998,no_ja
999,no_ja
1000,{{flagicon|UK}} [[2015年]][[5月8日]]<br /> {{flagicon|USA}} [[2015年]][[12月4日]]<br /> {{flagicon|JPN}} [[2016年]][[6月4日]]
1001,{{flagicon|FRA}} [[2015年]][[5月15日]] <small>([[カンヌ映画祭|カンヌ]])</small><br /> {{flagicon|COL}} [[2015年]][[5月21日]]</small><br /> {{flagicon|JPN}} [[2016年]][[10月29日]]
1002,{{Flagicon|USA}} [[2015年]]5月15日<br> {{Flagicon|JPN}} [[2018年]]1月6日
1003,{{flagicon|ITA}} [[2014年]][[9月5日]]<br />（[[第71回ヴェネツィア国際映画祭]]）<br /> {{flagicon|USA}} [[2015年]][[5月15日]]<br /> {{flagicon|JPN}} 2015年[[10月1日]]
1004,{{Flagicon|FRA}} [[2015年]][[5月15日]]([[第68回カンヌ国際映画祭|カンヌ国際映画祭]])<br /> {{Flagicon|UK}} {{Flagicon|IRL}} 2015年[[10月16日]]<br /> {{Flagicon|GRC}} {{Flagicon|NED}} 2015年10月22日<br /> {{Flagicon|FRA}} 2015年10月28日<br /> {{Flagicon|JPN}} [[2016年]][[3月5日]]
1005,{{Flagicon|FRA}} 2015年5月15日 ([[第68回カンヌ国際映画祭|CIFF]])<br /> {{Flagicon|ICE}} 2015年5月28日<br /> {{Flagicon|JPN}} 2015年12月19日
1006,{{flagicon|FRA}} 2015年5月15日 {{smaller|([[カンヌ国際映画祭]])}} <br /> {{flagicon|HUN}} 2015年6月11日<br /> {{flagicon|JPN}} 2016年1月23日
1007,{{flagicon|USA}} 2015年5月15日（[[サウス・バイ・サウスウエスト|SXSW]]）<br /> {{flagicon|USA}} 2015年6月5日<br /> {{flagicon|JPN}} 劇場未公開
1008,no_ja
1009,{{Flagicon|FRA}} [[2015年]]5月16日<br>（[[第68回カンヌ国際映画祭]]）<br> {{Flagicon|USA}} 2015年7月17日<br> {{Flagicon|JPN}} [[2016年]]6月11日
1010,no_ja
1011,{{flagicon|USA}} [[2015年]][[6月19日]]<br /> {{flagicon|JPN}} 2015年[[7月18日]]
1012,{{flagicon|FRA}} 2015年5月19日 ([[カンヌ映画祭]])<br /> {{flagicon|FRA}} 2015年6月17日<br /> {{flagicon|TUR}} 2015年10月23日<br /> {{flagicon|JPN}} 2016年6月11日
1013,{{Flagicon|USA}} [[2015年]]9月18日<br/> {{Flagicon|JPN}} [[2016年]]4月9日
1014,no_ja
1015,no_ja
1016,{{flagicon|FRA}} 2015年5月20日 {{smaller|([[カンヌ映画祭]]}} )<br /> {{flagicon|ITA}} 2015年5月20日<br /> {{flagicon|JPN}} 2016年4月16日
1017,{{flagicon|France}} 2015年5月21日（[[第68回カンヌ国際映画祭|カンヌ]]）<br/> {{flagicon|China}} 2015年8月27日<br/> {{flagicon|Hong Kong}} 2015年8月27日<br/> {{flagicon|Taiwan}} 2015年8月28日<br/> {{flagicon|JPN}} 2015年9月12日
1018,no_ja
1019,no_infobox
1020,no_dates
1021,{{flagicon|USA}} [[2015年]][[5月22日]]<br /> {{flagicon|JPN}} 劇場未公開
1022,no_ja
1023,no_ja
1024,no_ja
1025,{{Flagicon|USA}} 2015年5月29日<br> {{Flagicon|JPN}} 劇場未公開
1026,no_ja
1027,{{flagicon|USA}} 2015年5月29日<br /> {{flagicon|JPN}} 2015年9月12日
1028,no_ja
1029,no_ja
1030,{{flagicon|ITA}} 2014年8月29日 <small>([[第71回ヴェネツィア国際映画祭|VIFF]])</small><br /> {{flagicon|JPN}} 2014年10月26日 <small>([[第27回東京国際映画祭|TIFF]])</small><br /> {{flagicon|JPN}} 2015年12月26日
1031,{{Flagicon|USA}} [[2015年]][[6月12日]]<br /> {{flagicon|JPN}} 2015年[[8月5日]]
1032,no_ja
1033,{{flagicon|USA}} [[2015年]][[5月29日]]<br /> {{flagicon|GBR}} [[2015年]][[6月5日]] <br /> {{flagicon|JPN}} [[2015年]][[10月17日]]
1034,{{Flagicon|USA}} [[2015年]]6月5日<br> {{Flagicon|JPN}} [[2016年]]1月16日
1035,no_ja
1036,no_dates
1037,no_ja
1038,{{flagicon|CHN}} 2015年6月15日<br />（[[上海国際映画祭]]）<br /> {{flagicon|USA}} 2015年7月24日<br /> {{flagicon|JPN}} 2016年6月3日
1039,{{Flagicon|FRA}} 2015年5月16日 ([[第68回カンヌ国際映画祭|CIFF]])<br /> {{Flagicon|GBR}} 2015年7月3日<br /> {{Flagicon|JPN}} 2016年7月16日
1040,no_infobox
1041,no_ja
1042,no_ja
1043,no_ja
1044,{{flagicon|USA}} 2015年7月1日<br /> {{flagicon|JPN}} 2015年7月10日<br /> {{Flagicon|CHN}} 2015年8月23日
1045,{{flagicon|USA}} [[2015年]][[9月25日]]<br /> {{flagicon|JPN}} 2015年[[11月6日]]
1046,{{flagicon|USA}} 2015年6月26日<br /> {{flagicon|JPN}} 2015年8月28日（通常版）<br /> {{Flagicon|JPN}} 2015年9月12日（PG12版）
1047,{{flagicon|USA}} [[2015年]][[7月1日]] <br /> {{Flagicon|JPN}} 2015年[[10月17日]]
1048,no_ja
1049,no_ja
1050,no_ja
1051,no_ja
1052,{{Flagicon|USA}} [[2015年]]6月26日<br> {{Flagicon|JPN}} 劇場未公開
1053,{{Flagicon|USA}} 2015年6月29日<small> ([[ドルビー・シアター]])</small><br /> {{Flagicon|USA}} 2015年7月17日<br /> {{Flagicon|JPN}} 2015年9月19日
1054,no_dates
1055,no_ja
1056,no_ja
1057,no_ja
1058,no_ja
1059,no_ja
1060,no_ja
1061,no_ja
1062,{{Flagicon|IND}} [[2015年]][[7月10日]]<br /> {{Flagicon|JPN}} [[2017年]][[4月8日]]
1063,{{flagicon|USA}} 2015年7月10日<br /> {{flagicon|JPN}} 2016年9月1日
1064,no_ja
1065,no_ja
1066,no_ja
1067,{{Flagicon|IND}} [[2015年]][[7月17日]]<br /> {{Flagicon|JPN}} [[2019年]][[1月18日]]
1068,{{flagicon|FRA}} [[2014年]][[5月18日]]（[[第67回カンヌ国際映画祭|CIFF]]）<br /> {{flagicon|KOR}} 2014年[[5月29日]]<br /> {{flagicon|JPN}} [[2015年]][[5月17日]]
1069,{{Flagicon|FRA}} [[2015年]]5月16日<br>（[[第68回カンヌ国際映画祭]]）<br> {{Flagicon|USA}} 2015年7月17日<br> {{Flagicon|JPN}} [[2016年]]6月11日
1070,{{Flagicon|RUS}} 2015年2月8日<br>（[[第65回ベルリン国際映画祭]]）<br> {{Flagicon|UK}} 2015年6月19日<br> {{Flagicon|USA}} 2015年7月17日<br> {{Flagicon|JPN}} 2016年3月18日
1071,no_ja
1072,no_ja
1073,no_ja
1074,no_ja
1075,no_ja
1076,{{Flagicon|USA}} [[2015年]]7月24日<br> {{Flagicon|JPN}} 劇場未公開
1077,{{flagicon|USA}} 2015年[[7月24日]]<br /> {{flagicon|JPN}} 2015年[[9月12日]]
1078,no_ja
1079,{{Flagicon|USA}} [[2015年]]7月24日<br> {{Flagicon|JPN}} [[2016年]]7月9日
1080,no_ja
1081,{{flagicon|USA}} 2015年7月29日<br /> {{flagicon|JPN}} 2015年9月26日
1082,{{flagicon|USA}} 2015年7月30日（プレミア上映）<br/> {{flagicon|USA}} 2015年8月7日<br/> {{flagicon|JPN}} 2016年10月28日
1083,no_ja
1084,no_ja
1085,no_ja
1086,no_ja
1087,no_ja
1088,no_ja
1089,no_dates
1090,{{flagicon|CHI}} 2015年11月6日<br /> {{flagicon|USA}} 2015年11月13日<br /> {{flagicon|JPN}} 2016年5月14日
1091,no_ja
1092,[[2015年]][[8月7日]]
1093,no_ja
1094,no_dates
1095,no_ja
1096,{{flagicon|USA}} 2015年8月7日<br /> {{flagicon|JPN}} 2016年3月5日
1097,{{flagicon|USA}} 2015年8月14日<br /> {{flagicon|JPN}} 2015年12月19日
1098,no_dates
1099,no_ja
1100,{{Flagicon|GBR}} [[2015年]][[8月14日]]<br> {{Flagicon|JPN}} [[2016年]][[4月2日]]（先行公開）・[[4月9日]]（全国公開）
1101,{{flagicon|USA}} 2015年8月17日（プレミア上映）<br /> {{flagicon|USA}} 2015年8月26日<br /> {{flagicon|JPN}} 2015年9月5日
1102,no_ja
1103,no_ja
1104,no_ja
1105,{{flagicon|USA}} [[2015年]][[8月21日]]<br /> {{flagicon|JPN}} [[2016年]][[1月23日]]
1106,no_ja
1107,no_ja
1108,劇場未公開
1109,{{flagicon|USA}} [[2015年]][[8月28日]]<br/> {{flagicon|JPN}} [[2016年]][[6月24日]]
1110,no_dates
1111,{{Flagicon|USA}} [[2015年]]8月28日<br> {{Flagicon|JPN}} [[2016年]]7月9日
1112,no_ja
1113,{{Flagicon|USA}} [[2015年]]9月11日<br> {{Flagicon|JPN}} [[2016年]]7月18日
1114,no_dates
1115,{{flagicon|USA}} 2015年11月6日<br /> {{flagicon|JPN}} 2016年4月15日
1116,{{flagicon|USA}} [[2015年]][[9月4日]] <small>([[テルライド映画祭]])</small><br /> {{flagicon|USA}} [[2015年]][[12月30日]]
1117,{{Flagicon|ITA}} [[2015年]]9月4日<br>（[[ヴェネツィア国際映画祭]]）<br> {{Flagicon|USA}} 2015年9月18日<br> {{Flagicon|JPN}} [[2016年]]1月30日
1118,no_ja
1119,no_dates
1120,no_ja
1121,{{Flagicon|USA}} 2015年9月4日<br />（[[テルライド映画祭]]）<br /> {{Flagicon|USA}} 2015年10月16日<br /> {{Flagicon|JPN}} 2016年4月8日
1122,no_ja
1123,{{Flagicon|GBR}} [[2015年]][[10月12日]]<br /> {{Flagicon|JPN}} [[2017年]][[1月27日]]
1124,{{flagicon|USA}} [[2015年]][[9月4日]]<br /> {{flagicon|FRA}} 2015年[[9月9日]]<br /> {{flagicon|JPN}} 2015年[[10月24日]]
1125,no_ja
1126,{{Flagicon|ITA}} 2015年9月5日<br />（[[ヴェネツィア国際映画祭]]）<br /> {{Flagicon|USA}} 2015年11月27日<br /> {{Flagicon|UK}} 2016年1月1日<br /> {{Flagicon|JPN}} 2016年3月18日
1127,{{Flagicon|USA}} 2015年10月 <br/> {{Flagicon|JPN}} 2016年2月12日
1128,no_ja
1129,no_ja
1130,{{flagicon|USA}} [[2015年]][[9月11日]]<br /> {{flagicon|JPN}} 2015年[[10月23日]]
1131,{{flagicon|ITA}} 2015年9月9日（[[ヴェネツィア国際映画祭]]）<br/> {{flagicon|POL}} 2015年10月23日<br/> {{flagicon|IRE}} 2015年12月4日<br /> {{flagicon|JPN}} 2016年8月20日
1132,no_ja
1133,no_ja
1134,{{flagicon|GBR}} 2015年9月9日<br /> {{flagicon|JPN}} 2016年6月18日
1135,2015年9月10日<small>（[[ベネチア国際映画祭]]）</small><br /> {{flagicon|CAN}} [[2015年]][[10月23日]]<br /> {{flagicon|GER}} 2015年[[12月31日]]<br /> {{flagicon|JPN}} [[2016年]][[10月28日]]
1136,no_ja
1137,no_ja
1138,no_ja
1139,2015年9月11日<small>（[[トロント国際映画祭]]）</small> {{flagicon|GBR}} [[2016年]][[4月8日]]<br /> {{flagicon|USA}} 2016年[[4月1日]]<br /> {{flagicon|JPN}} 2016年[[12月23日]]
1140,{{flagicon|CAN}} 2015年9月11日（[[トロント国際映画祭]]）<br /> {{flagicon|USA}} 2016年3月25日<br /> {{flagicon|JPN}} 2016年10月1日
1141,{{Flagicon|USA}} [[2015年]]10月2日<br> {{Flagicon|JPN}} [[2016年]]2月5日
1142,{{flagicon|CAN}} 2015年9月11日<br />（[[トロント国際映画祭]]）<br /> {{flagicon|USA}} 2015年10月30日<br /> {{flagicon|JPN}} 劇場未公開
1143,{{Flagicon|CAN}} [[2014年]]9月11日<br>（[[トロント国際映画祭]]）<br> {{Flagicon|USA}} [[2015年]]9月16日<br> {{Flagicon|JPN}} 2015年12月25日
1144,{{flagicon|CAN}} 2015年9月12日（[[トロント国際映画祭]]）<br/> {{flagicon|GBR}} 2015年9月25日<br/> {{flagicon|JPN}} 2016年11月18日
1145,{{Flagicon|CAN}} 2015年9月12日<br />（[[トロント国際映画祭]]）<br /> {{Flagicon|USA}} 2015年11月6日<br /> {{Flagicon|JPN}} 2016年7月22日
1146,{{Flagicon|USA}} [[2015年]]10月16日（限定公開）<br> {{Flagicon|USA}} 2015年10月30日（拡大公開）<br> {{Flagicon|JPN}} [[2016年]]8月5日
1147,{{flagicon|CAN}} 2015年9月13日（[[トロント国際映画祭]]）<br/> {{flagicon|USA}} 2015年10月2日
1148,no_ja
1149,{{Flagicon|AUS}} [[2015年]][[10月29日]]
1150,{{flagicon|FRA}} [[2015年]][[9月16日]]<br /> {{flagicon|GBR}} 2015年[[10月14日]]<br /> {{flagicon|JPN}} [[2016年]][[7月2日]]
1151,{{flagicon|BEL}} 2015年9月15日（プレミア上映）<br /> {{flagicon|USA}} 2015年9月25日<br /> {{flagicon|JPN}} 2015年10月10日
1152,{{flagicon|KOR}} [[2015年]][[9月16日]]<br /> {{flagicon|JPN}} [[2016年]][[6月4日]]
1153,no_ja
1154,no_ja
1155,{{Flagicon|USA}} [[2015年]]9月18日<br> {{Flagicon|JPN}} 劇場未公開
1156,{{flagicon|USA}} [[2015年]][[9月18日]]<br /> {{flagicon|JPN}} 2015年[[10月23日]]
1157,{{Flagicon|ESP}} [[2015年]]10月2日<br> {{Flagicon|CAN}} 2015年10月30日<br> {{Flagicon|USA}} [[2016年]]2月5日<br> {{Flagicon|JPN}} [[2018年]]9月15日
1158,{{flagicon|CAN}} 2015年9月18日 {{smaller|([[トロント国際映画祭]])}} <br /> {{flagicon|USA}} 2015年9月25日<br /> {{flagicon|JPN}} 2016年12月24日
1159,no_ja
1160,{{flagicon|USA}} [[2015年]][[10月9日]]<br /> {{flagicon|JPN}} [[2016年]][[1月30日]]
1161,{{Flagicon|SGP}} [[2015年]][[9月24日]]<br /> {{Flagicon|USA}} {{Flagicon|TWN}} [[2015年]][[9月25日]]<br /> {{Flagicon|HKG}} [[2015年]][[10月1日]]<br /> {{Flagicon|CHN}} [[2015年]][[10月27日]]<br /> {{Flagicon|KOR}} [[2015年]][[12月24日]]<br /> {{Flagicon|JPN}} [[2016年]][[2月20日]]
1162,{{Flagicon|UK}} [[2015年]][[9月20日]]（ワールドプレミア）<br /> {{Flagicon|USA}} [[2015年]][[10月9日]]<br /> {{Flagicon|JPN}} [[2015年]][[10月31日]]
1163,{{Flagicon|USA}} [[2015年]]9月30日<br> {{Flagicon|JPN}} [[2016年]]1月23日
1164,no_ja
1165,{{Flagicon|USA}} 2015年10月16日<br /> {{Flagicon|JPN}} 2016年1月8日
1166,{{flagicon|USA}} 2015年10月22日（プレミア上映）<br/> {{flagicon|USA}} 2015年10月30日 <br/> {{flagicon|JPN}} 2016年6月11日
1167,no_ja
1168,no_dates
1169,{{Flagicon|USA}} [[2015年]][[10月16日]]<br /> {{Flagicon|JPN}} [[2016年]][[1月8日]]
1170,no_dates
1171,{{Flagicon|USA}} [[2015年]]10月16日<br> {{Flagicon|JPN}} 劇場未公開
1172,{{flagicon|BEL}} 2015年10月22日（プレミア上映）<br /> {{flagicon|USA}} 2015年10月23日<br /> {{flagicon|JPN}} 2016年7月20日
1173,no_ja
1174,{{flagicon|USA}} 2015年10月23日<br /> {{flagicon|JPN}} 2016年9月30日
1175,{{flagicon|USA}} [[2015年]][[10月23日]]<br /> {{flagicon|JPN}} [[2016年]][[5月7日]]
1176,{{Flagicon|GBR}} [[2015年]][[10月26日]]（プレミア上映）<br/> {{Flagicon|USA}} 2015年[[11月6日]]<br/> {{Flagicon|JPN}} [[2015年]][[12月4日]]
1177,no_ja
1178,{{flagicon|CZE}} 2015年11月5日<br /> {{flagicon|ITA}} 2015年11月5日<br /> {{flagicon|MKD}} 2015年11月5日<br /> {{flagicon|SRB}} 2015年11月5日<br /> {{flagicon|SVK}} 2015年11月5日<br /> {{flagicon|GRE}} 2015年11月6日<br /> {{flagicon|BUL}} 2015年11月6日<br /> {{flagicon|CAN}} 2015年11月6日<br /> {{flagicon|CHN}} 2015年11月6日<br /> {{flagicon|CAM}} 2015年11月6日<br /> {{flagicon|ROM}} 2015年11月6日<br /> {{flagicon|USA}} 2015年11月6日<br /> {{flagicon|PAK}} 2015年11月13日<br /> {{flagicon|TUR}} 2015年11月13日<br /> {{flagicon|IRQ}} 2015年11月19日<br /> {{flagicon|TTO}} 2015年11月25日<br /> {{flagicon|DOM}} 2015年11月26日<br /> {{flagicon|MYS}} 2015年11月26日<br /> {{flagicon|ISR}} 2015年12月4日<br /> {{flagicon|JPN}} 2015年12月4日<br /> {{flagicon|NOR}} 2015年12月4日<br /> {{flagicon|RSA}} 2015年12月4日<br /> {{flagicon|IDN}} 2015年12月9日<br /> {{flagicon|NED}} 2015年12月9日<br /> {{flagicon|SGP}} 2015年12月10日<br /> {{flagicon|SLO}} 2015年12月10日<br /> {{flagicon|HKG}} 2015年12月17日<br /> {{flagicon|MEX}} 2015年12月17日<br /> {{flagicon|GBR}} 2015年12月21日<br /> {{flagicon|IRL}} 2015年12月21日<br /> {{flagicon|BEL}} 2015年12月23日<br /> {{flagicon|DEU}} 2015年12月23日<br /> {{flagicon|FRA}} 2015年12月23日<br /> {{flagicon|KOR}} 2015年12月24日<br /> {{flagicon|AUT}} 2015年12月24日<br /> {{flagicon|AZE}} 2015年12月24日<br /> {{flagicon|COL}} 2015年12月24日<br /> {{flagicon|HUN}} 2015年12月24日<br /> {{flagicon|KUW}} 2015年12月24日<br /> {{flagicon|KAZ}} 2015年12月24日<br /> {{flagicon|PRT}} 2015年12月24日<br /> {{flagicon|RUS}} 2015年12月24日<br /> {{flagicon|UKR}} 2015年12月24日<br /> {{flagicon|VIE}} 2015年12月24日<br /> {{flagicon|TWN}} 2015年12月24日<br /> {{flagicon|DEN}} 2015年12月25日<br /> {{flagicon|EST}} 2015年12月25日<br /> {{flagicon|FIN}} 2015年12月25日<br /> {{flagicon|LIT}} 2015年12月25日<br /> {{flagicon|SWE}} 2015年12月25日<br /> {{flagicon|ESP}} 2015年12月25日<br /> {{flagicon|AUS}} 2015年12月26日<br /> {{flagicon|ISL}} 2015年12月26日<br /> {{flagicon|BHR}} 2015年12月29日<br /> {{flagicon|EGY}} 2015年12月31日<br /> {{flagicon|THA}} 2015年12月31日<br /> {{flagicon|BOL}} 2016年1月1日<br /> {{flagicon|NZL}} 2016年1月1日<br /> {{flagicon|POL}} 2016年1月1日<br /> {{flagicon|URU}} 2016年1月1日<br /> {{flagicon|ARG}} 2016年1月7日<br /> {{flagicon|CHI}} 2016年1月7日<br /> {{flagicon|PER}} 2016年1月7日<br /> {{flagicon|PHI}} 2016年1月8日<br /> {{flagicon|BIH}} 2016年1月10日<br /> {{flagicon|BRA}} 2016年1月14日<br /> {{flagicon|BRU}} 2016年2月7日
1179,no_ja
1180,{{flagicon|USA}} 2015年11月13日<br /> {{flagicon|JPN}} 2016年2月19日
1181,{{flagicon|USA}} 2015年11月5日<br />（[[アメリカン・フィルム・インスティチュート]]）<br /> {{flagicon|USA}} 2015年11月13日<br /> {{flagicon|JPN}} 2016年9月24日
1182,{{flagicon|FRA}} 2015年11月10日 {{small|（プレミア）}} <br /> {{flagicon|USA}} 2015年11月25日<br /> {{flagicon|JPN}} 2016年3月12日
1183,no_ja
1184,no_ja
1185,no_ja
1186,{{Flagicon|USA}} [[2015年]]11月20日<br> {{Flagicon|UK}} 2015年11月27日<br> {{Flagicon|JPN}} [[2016年]]2月11日
1187,no_ja
1188,no_ja
1189,no_dates
1190,no_ja
1191,{{flagicon|USA}} 2015年11月16日（プレミア上映）<br /> {{flagicon|USA}} 2015年11月20日<br /> {{flagicon|JPN}} 2016年2月27日
1192,{{Flagicon|USA}} [[2015年]]11月20日<br /> {{Flagicon|JPN}} [[2016年]]6月10日
1193,{{Flagicon|USA}} [[2015年]]11月25日<br> {{Flagicon|JPN}} 2015年12月23日
1194,{{flagicon|USA}} 2015年11月11日（プレミア上映）<br /> {{flagicon|USA}} 2015年11月25日<br /> {{flagicon|JPN}} 劇場未公開
1195,no_infobox
1196,no_ja
1197,no_ja
1198,{{flagicon|GER}} 2015年2月10日（[[第65回ベルリン国際映画祭|ベルリン国際映画祭]]）<br/> {{flagicon|GER}} 2015年4月2日<br/> {{flagicon|JPN}} 2016年11月12日
1199,no_dates
1200,no_ja
1201,{{flagicon|CAN}} 2015年9月12日（[[トロント国際映画祭]]）<br /> {{flagicon|UK}} 2015年11月13日<br /> {{flagicon|JPN}} 2016年12月10日
1202,no_ja
1203,{{flagicon|GER}} 2015年2月9日（[[ベルリン国際映画祭]]） <br /> {{flagicon|AUS}} 2015年9月10日<br /> {{flagicon|GER}} 2015年9月24日<br /> {{flagicon|CAN}} 2015年12月4日<br /> {{flagicon|JPN}} 2015年12月19日
1204,{{Flagicon|UK}} [[2015年]]10月2日<br> {{Flagicon|FRA}} 2015年11月18日<br> {{Flagicon|USA}} 2015年12月4日<br> {{Flagicon|JPN}} [[2016年]]5月13日
1205,{{flagicon|UK}} [[2015年]][[5月8日]]<br /> {{flagicon|USA}} [[2015年]][[12月4日]]<br /> {{flagicon|JPN}} [[2016年]][[6月4日]]
1206,{{flagicon|FRA}} 2015年5月20日 {{smaller|([[カンヌ映画祭]]}} )<br /> {{flagicon|ITA}} 2015年5月20日<br /> {{flagicon|JPN}} 2016年4月16日
1207,{{Flagicon|USA}} [[2015年]]12月11日<br> {{Flagicon|JPN}} [[2016年]]3月4日
1208,{{Flagicon|USA}} 2015年12月11日<br/> {{Flagicon|JPN}} 2016年1月16日
1209,{{Flagicon|ITA}} {{flagicon|FRA}} [[2015年]][[12月16日]]<br /> {{Flagicon|TWN}} {{flagicon|HKG}} [[2015年]][[12月17日]]<br /> {{Flagicon|USA}} {{flagicon|JPN}} [[ファイル:Newworldmap.svg|25px]] [[2015年]][[12月18日]]
1210,{{Flagicon|USA}} [[2015年]][[12月18日]] <br /> {{Flagicon|JPN}} 劇場未公開
1211,no_infobox
1212,{{flagicon|USA}} 2015年11月10日（[[AFI映画祭]]）<br/> {{flagicon|USA}} 2015年12月25日<br /> {{Flagicon|JPN}} 2016年10月29日
1213,no_ja
1214,no_dates
1215,{{flagicon|USA}} 2015年12月13日（プレミア上映）<br /> {{flagicon|USA}} 2015年12月25日<br /> {{flagicon|JPN}} 劇場未公開
1216,{{flagicon|CHN}} [[2015年]][[12月4日]]<br /> {{flagicon|USA}} 2015年[[12月25日]]<br /> {{flagicon|JPN}} [[2016年]][[2月20日]]
1217,{{flagicon|USA}} [[2015年]][[12月25日]](プレミア公開)<br/> {{flagicon|USA}} [[2016年]][[1月8日]](一般公開)<br /> {{flagicon|JPN}} 2016年[[4月22日]]
1218,no_ja
1219,no_ja
1220,no_infobox
1221,no_ja
1222,no_ja
1223,no_ja
1224,no_ja
1225,{{flagicon|USA}} 2016年1月12日(限定)<br />([[AT&Tスタジアム]])<br /> {{flagicon|USA}} 2016年1月15日(拡大)<br /> {{flagicon|JPN}} 劇場未公開
1226,no_ja
1227,{{Flagicon|USA}} [[2016年]]1月15日<br> {{Flagicon|JPN}} 劇場未公開
1228,no_ja
1229,{{flagicon|USA}} [[2016年]][[1月29日]]<br> {{flagicon|JPN}} [[2016年]][[8月19日]]([[Netflix]])
1230,{{Flagicon|USA}} [[2016年]][[1月22日]]<br /> {{Flagicon|JPN}} 2016年[[4月23日]]
1231,{{Flagicon|USA}} [[2016年]]1月22日<br> {{Flagicon|JPN}} 2016年7月17日
1232,{{flagicon|USA}} 2016年1月22日<br /> {{flagicon|JPN}} 2017年1月6日
1233,no_ja
1234,no_ja
1235,{{Flagicon|World}} [[2016年]]7月29日
1236,no_ja
1237,no_ja
1238,{{flagicon|USA}} [[2016年]][[2月19日]]<br /> {{flagicon|JPN}} [[2017年]][[7月22日]]
1239,no_ja
1240,{{flagicon|USA}} [[2016年]][[1月29日]]<br /> {{flagicon|JPN}} 2016年[[2月27日]]
1241,{{flagicon|USA}} 2016年1月29日<br/> {{flagicon|JPN}} 2016年10月22日
1242,{{Flagicon|USA}} [[2016年]]2月5日<br> {{Flagicon|JPN}} 2016年8月13日
1243,no_ja
1244,{{flagicon|USA}} [[2016年]][[2月5日]]<br /> {{flagicon|JPN}} 2016年[[5月13日]]
1245,{{flagicon|USA}} 2016年2月5日<br /> {{flagicon|JPN}} 2017年1月7日
1246,no_dates
1247,no_dates
1248,{{flagicon|USA}} 2016年2月12日<br/> {{flagicon|JPN}} 2016年6月1日
1249,{{flagicon|CHN}} {{flagicon|HKG}} 2016年2月8日<br/> {{flagicon|JPN}} 2017年1月7日
1250,{{Flagicon|USA}} [[2016年]][[3月4日]]<br /> {{Flagicon|JPN}} 2016年[[4月23日]]
1251,{{Flagicon|USA}} [[2016年]]2月12日<br> {{Flagicon|JPN}} 劇場未公開
1252,{{Flagicon|USA}} [[2016年]]3月18日<br> {{Flagicon|JPN}} 劇場未公開
1253,no_infobox
1254,no_ja
1255,{{flagicon|USA}} 2016年2月16日（プレミア上映）<br /> {{flagicon|USA}} 2016年2月26日<br /> {{flagicon|JPN}} 2016年6月18日
1256,{{flagicon|USA}} {{flagicon|CAN}} 2016年2月19日<br /> {{flagicon|GER}} 2016年5月5日<br /> {{flagicon|JPN}} 2016年8月11日
1257,{{Flagicon|USA}} [[2016年]]3月16日<br> {{Flagicon|JPN}} 2016年6月18日
1258,no_ja
1259,{{flagicon|AUS}} [[2016年]][[2月15日]]<br /> {{flagicon|USA}} 2016年[[2月16日]]<br /> {{flagicon|JPN}} 2016年[[9月9日]]
1260,no_dates
1261,{{flagicon|USA}} 2016年1月26日<br />（[[サンダンス映画祭]]）<br /> {{flagicon|USA}} 2016年2月26日<br /> {{flagicon|UK}} 2016年3月28日<br /> {{flagicon|JPN}} 劇場未公開
1262,no_ja
1263,{{Flagicon|JPN}} 2015年7月11日
1264,no_ja
1265,no_ja
1266,{{flagicon|GER}} [[2015年]][[2月8日]]（[[第65回ベルリン国際映画祭|ベルリン国際映画祭]]）<br/> {{flagicon|USA}} [[2016年]][[3月4日]]<br/> {{flagicon|JPN}} 2016年[[12月23日]]
1267,{{flagicon|USA}} [[2016年]][[3月4日]]<br /> {{flagicon|JPN}} 2016年[[5月28日]]
1268,{{Flagicon|USA}} [[2016年]]3月4日<br> {{Flagicon|JPN}} 劇場未公開
1269,no_ja
1270,no_dates
1271,no_ja
1272,{{flagicon|USA}} [[2016年]][[3月4日]]<br /> {{flagicon|JPN}} 劇場未公開
1273,no_dates
1274,{{Flagicon|USA}} 2016年3月11日（[[サウス・バイ・サウスウエスト|SXSW]]）<br /> {{Flagicon|USA}} 2016年3月30日<br> {{Flagicon|JPN}} 2016年11月5日
1275,no_ja
1276,no_ja
1277,no_ja
1278,{{flagicon|USA}} 2015年1月22日（サンダンス映画祭）<br /> {{flagicon|USA}} 2016年3月18日<br /> {{flagicon|JPN}} 劇場未公開
1279,{{Flagicon|USA}} [[2016年]]3月18日<br> {{Flagicon|JPN}} [[2017年]]8月19日
1280,{{Flagicon|USA}} {{flagicon|JPN}} 2016年3月25日
1281,no_ja
1282,no_ja
1283,no_ja
1284,no_ja
1285,{{flagicon|USA}} [[2016年]][[4月4日]] ワールドプレミア（エル・キャピタン劇場）<br /> {{flagicon|USA}} 2016年[[4月15日]]<br /> {{flagicon|JPN}} 2016年[[7月27日]] [[ジャングル・ブック (2016年の映画)#歌舞伎座ジャパンプレミア|歌舞伎座ジャパンプレミア]]<br /> {{flagicon|JPN}} 2016年[[8月11日]]
1286,{{Film date|2016|04|05}}
1287,{{Flagicon|USA}} [[2016年]]4月8日<br> {{Flagicon|JPN}} 劇場未公開
1288,{{Flagicon|USA}} [[2016年]]4月8日<br> {{Flagicon|JPN}} [[2017年]]2月18日
1289,{{Flagicon|USA}} [[2016年]]4月8日<br> {{Flagicon|JPN}} [[2017年]]4月1日
1290,{{Flagicon|USA}} [[2016年]]4月8日
1291,{{Flagicon|USA}} 2016年5月6日<small>（ {{仮リンク|エル・キャピタン・シアター|en|El Capitan Theatre}} ）</small><br /> {{Flagicon|JPN}} 2016年4月29日
1292,no_ja
1293,{{Flagicon|USA}} [[2016年]]4月15日<br> {{Flagicon|JPN}} 劇場未公開
1294,{{flagicon|USA}} [[2016年]][[4月15日]]<br /> {{flagicon|JPN}} [[2017年]][[2月25日]]
1295,{{flagicon|USA}} [[2016年]][[4月29日]]<br /> {{flagicon|JPN}} [[2017年]][[2月11日]]
1296,no_ja
1297,no_ja
1298,{{Flagicon|GBR}} [[2016年]][[5月6日]]<br/> {{Flagicon|FRA}} 2016年[[7月13日]]<br/> {{Flagicon|JPN}} 2016年[[12月1日]]
1299,{{Flagicon|USA}} [[2016年]]4月29日<br> {{Flagicon|JPN}} 劇場未公開
1300,no_ja
1301,no_ja
1302,{{flagicon|FIN}} [[2016年]][[5月13日]]<br /> {{flagicon|USA}} [[2016年]][[5月20日]]<br /> {{flagicon|JPN}} 2016年[[10月1日]]
1303,no_dates
1304,{{Flagicon|USA}} [[2016年]][[5月27日]]<br /> {{Flagicon|JPN}} 2016年[[7月1日]]
1305,no_ja
1306,{{Flagicon|USA}} [[2016年]]5月13日<br> {{Flagicon|JPN}} 劇場未公開
1307,no_ja
1308,no_ja
1309,{{Flagicon|FRA}} 2016年5月12日<br>（[[第69回カンヌ国際映画祭]]）<br> {{Flagicon|USA}} 2016年5月13日<br> {{Flagicon|JPN}} 2016年6月10日
1310,{{flagicon|USA}} 2016年5月20日<br /> {{flagicon|JPN}} 2017年2月18日
1311,no_ja
1312,{{flagicon|GER}} 2016年4月26日（[[ベルリン]]）<br /> {{flagicon|USA}} 2016年5月20日<br /> {{flagicon|JPN}} 2017年2月8日
1313,{{Flagicon|FRA}} 2016年5月20日 ([[第69回カンヌ国際映画祭|CIFF]])<br /> {{Flagicon|FRA}} 2016年6月8日<br /> {{Flagicon|DEN}} 2016年6月9日<br /> {{Flagicon|USA}} 2016年6月24日<br /> {{Flagicon|JPN}} 2017年1月13日
1314,no_ja
1315,{{Flagicon|USA}} 2016年5月23日（[[ニューヨーク]]）<br /> {{Flagicon|USA}} 2016年6月3日（全米）<br /> {{Flagicon|GBR}} 2016年6月3日<br /> {{Flagicon|JPN}} 2016年10月1日
1316,no_ja
1317,{{flagicon|USA}} [[2016年]][[6月10日]]<br /> {{flagicon|JPN}} 2016年[[9月1日]]
1318,{{flagicon|USA}} [[2016年]][[6月10日]]<br /> {{flagicon|JPN}} 2016年[[7月9日]]
1319,{{flagicon|USA}} 2016年6月17日<br /> {{flagicon|JPN}} 2016年7月16日
1320,{{Flagicon|USA}} [[2016年]]6月17日<br> {{Flagicon|JPN}} [[2017年]]11月3日
1321,{{flagicon|GER}} 2016年2月16日（[[ベルリン国際映画祭]]）<br/> {{flagicon|USA}} 2016年6月10日
1322,{{Flagicon|USA}} 2016年6月6日 ([[グローマンズ・チャイニーズ・シアター|TCLチャイニーズ・シアター]])<br /> {{Flagicon|USA}} 2016年6月10日<br /> {{Flagicon|JPN}} 2016年7月1日
1323,no_dates
1324,{{flagicon|USA}} [[2016年]][[6月24日]]<br /> {{flagicon|JPN}} [[2017年]][[2月4日]]
1325,no_dates
1326,{{flagicon|USA}} 2016年6月24日<br /> {{flagicon|JPN}} 2016年7月9日
1327,{{flagicon|USA}} 2016年6月21日（プレミア上映）<br /> {{flagicon|USA}} 2016年6月24日<br /> {{flagicon|JPN}} 2016年7月23日
1328,{{Flagicon|World}} [[2016年]]6月24日
1329,{{flagicon|USA}} [[2016年]][[7月1日]]<br/> {{flagicon|JPN}} 2016年[[7月30日]]
1330,{{Flagicon|FRA}} [[2016年]][[5月14日]]<br />（[[第69回カンヌ国際映画祭]]）<br /> {{Flagicon|USA}} 2016年[[7月1日]]<br /> {{Flagicon|JPN}} 2016年[[9月17日]]
1331,{{Flagicon|USA}} [[2016年]][[7月1日]]<br> {{Flagicon|JPN}} [[2017年]][[4月14日]]
1332,{{flagicon|GBR}} [[2016年]][[5月13日]]<br /> {{flagicon|USA}} 2016年[[7月1日]]<br /> {{flagicon|JPN}} 2016年[[10月21日]]
1333,{{flagicon|USA}} [[2016年]][[7月1日]]<br /> {{flagicon|JPN}} [[2017年]][[2月4日]]
1334,{{Flagicon|USA}} [[2016年]]7月22日<br/> {{flagicon|JPN}} 2016年10月21日
1335,{{flagicon|USA}} 2016年6月30日<br />（[[ロサンゼルス]]）<br /> {{flagicon|USA}} 2016年7月8日<br /> {{flagicon|JPN}} 2017年1月6日
1336,{{flagicon|ITA}} [[2015年]][[10月1日]] <br /> {{flagicon|JPN}} [[2015年]][[10月3日]]
1337,{{Flagicon|USA}} 2016年1月23日（[[サンダンス映画祭]]）<br /> {{Flagicon|USA}} 2016年7月8日<br /> {{Flagicon|JPN}} 2017年4月1日
1338,no_ja
1339,no_ja
1340,{{flagicon|USA}} [[2016年]][[7月15日]]<br /> {{flagicon|JPN}} 2016年[[8月19日]]
1341,{{Flagicon|USA}} [[2016年]][[7月29日]]<br /> {{Flagicon|JPN}} 2016年[[10月7日]]
1342,{{Flagicon|USA}} [[2016年]]7月13日<br> {{Flagicon|JPN}} [[2017年]]5月13日
1343,no_ja
1344,no_dates
1345,{{flagicon|USA}} [[2016年]][[7月22日]]<br /> {{flagicon|JPN}} 2016年[[8月27日]]
1346,no_infobox
1347,no_ja
1348,no_ja
1349,no_ja
1350,{{Flagicon|USA}} [[2016年]]7月29日<br> {{Flagicon|JPN}} 劇場未公開
1351,no_ja
1352,no_ja
1353,no_ja
1354,{{Flagicon|CAN}} [[2016年]]6月3日<br> {{Flagicon|USA}} 2016年7月29日<br> {{Flagicon|JPN}} [[2017年]]3月4日
1355,{{flagicon|USA}} [[2016年]][[8月5日]]<br /> {{flagicon|JPN}} 2016年[[9月10日]]
1356,no_ja
1357,no_ja
1358,{{flagicon|FRA}} [[2016年]][[8月3日]]<br /> {{flagicon|USA}} 2016年[[8月5日]]<br /> {{flagicon|JPN}} 2016年[[11月25日]]
1359,no_ja
1360,{{flagicon|USA}} 2016年[[8月12日]]<br /> {{flagicon|Japan}} 2016年[[11月4日]]
1361,{{Flagicon|USA}} 2016年8月12日<br> {{Flagicon|JPN}} 劇場未公開
1362,{{flagicon|GBR}} [[2016年]][[9月9日]]<br /> {{flagicon|JPN}} [[2017年]][[8月12日]]
1363,no_ja
1364,no_ja
1365,no_ja
1366,{{Flagicon|USA}} 2016年8月19日
1367,{{Film date|2016|8|13|[[:en:Melbourne International Film Festival|MIFF]]}} <br/> {{Flagicon|USA}} 2016年8月19日<br/> {{Flagicon|JPN}} [[2017年]][[11月18日]]
1368,{{Flagicon|USA}} [[2016年]]8月19日<br> {{Flagicon|JPN}} [[2017年]]2月28日
1369,no_ja
1370,no_ja
1371,{{flagicon|GER}} [[2015年]][[10月1日]]<br /> {{flagicon|JPN}} [[2017年]][[1月7日]]
1372,{{flagicon|USA}} 2016年8月3日（プレミア上映）<br /> {{flagicon|USA}} 2016年8月19日<br /> {{flagicon|JPN}} 劇場未公開
1373,no_ja
1374,{{flagicon|USA}} 2016年8月26日<br /> {{flagicon|JPN}} 2016年9月24日
1375,{{Flagicon|USA}} [[2016年]]8月26日<br> {{Flagicon|JPN}} [[2017年]]7月24日
1376,no_ja
1377,{{flagicon|ITA}} 2016年8月31日([[ヴェネツィア国際映画祭]])<br /> {{flagicon|USA}} 2016年12月9日<br /> {{flagicon|JPN}} 2017年2月24日
1378,{{Flagicon|ITA}} 2016年9月1日 ([[第73回ヴェネツィア国際映画祭|VIFF]])<br /> {{Flagicon|USA}} 2016年9月2日<br /> {{Flagicon|JPN}} 2017年5月26日
1379,{{Flagicon|USA}} [[2016年]]9月2日<br> {{Flagicon|JPN}} 劇場未公開
1380,{{Flagicon|CAN}} [[2016年]]9月2日<br> {{Flagicon|UK}} 同上<br> {{Flagicon|USA}} 同上<br> {{Flagicon|JPN}} [[2018年]]1月20日
1381,{{flagicon|CHN}} [[2016年]][[7月21日]]<br /> {{flagicon|USA}} [[2016年]][[9月2日]]<br /> {{flagicon|JPN}} [[2017年]][[9月1日]]
1382,{{flagicon|USA}} [[2016年]][[9月2日]]<br /> {{flagicon|JPN}} [[2017年]][[7月1日]]
1383,no_ja
1384,{{flagicon|USA}} [[2016年]][[9月2日]]<br />（[[テルライド映画祭]]）<br /> {{flagicon|USA}} 2016年[[9月9日]] <br /> {{flagicon|JPN}} 2016年[[9月24日]]
1385,{{Flagicon|USA}} [[2016年]]9月9日<br> {{Flagicon|JPN}} 劇場未公開
1386,{{Flagicon|USA}} [[2016年]]9月9日<br> {{Flagicon|JPN}} 劇場未公開
1387,{{Flagicon|USA}} [[2017年]]11月3日<br> {{Flagicon|JPN}} [[2018年]]10月6日
1388,{{Flagicon|CAN}} 2016年9月10日 ([[第41回トロント国際映画祭|TIFF]])<br /> {{Flagicon|GBR}} 2016年10月12日 ([[ロンドン映画祭|BFI]])<br /> {{Flagicon|USA}} 2016年11月25日<br /> {{Flagicon|AUS}} 2017年1月19日<br /> {{Flagicon|JPN}} 2017年4月7日
1389,{{Flagicon|USA}} 2016年12月21日<br /> {{Flagicon|KOR}} 2016年12月21日<br /> {{Flagicon|JPN}} 2017年3月17日
1390,{{flagicon|CAN}} [[2016年]][[9月13日]]<br />（[[第41回トロント国際映画祭]]）<br /> {{flagicon|USA}} [[2016年]][[9月30日]]<br /> {{flagicon|JPN}} [[2017年]][[4月21日]]
1391,{{flagicon|USA}} [[2016年]][[9月16日]]<br /> {{flagicon|JPN}} 2016年[[12月1日]]
1392,no_ja
1393,{{Flagicon|CAN}} 2016年9月 ([[トロント国際映画祭|TIFF]])<br /> {{Flagicon|USA}} 2016年9月16日<br/> {{flagicon|JPN}} 2017年1月27日
1394,no_ja
1395,no_ja
1396,{{Flagicon|CAN}} 2016年9月8日 ([[第41回トロント国際映画祭|TIFF]])<br /> {{Flagicon|USA}} 2016年9月23日<br /> {{Flagicon|JPN}} 2017年1月27日
1397,no_ja
1398,{{flagicon|USA}} 2016年9月23日<br /> {{flagicon|JPN}} 2016年11月3日
1399,{{flagicon|USA}} 2016年9月23日<br /> {{flagicon|JPN}} 2017年7月16日
1400,no_ja
1401,no_ja
1402,{{Flagicon|USA}} 2016年10月7日<br> {{Flagicon|JPN}} 2016年11月18日
1403,{{Flagicon|USA}} 2016年1月25日 ([[サンダンス映画祭|SFF]])<br /> {{flagicon|USA}} 2016年10月7日<br /> {{Flagicon|JPN}} 2018年8月3日 (ソフト発売)
1404,{{flagicon|USA}} 2016年10月7日
1405,{{flagicon|ITA}} 2016年9月7日 ([[第73回ヴェネツィア国際映画祭|VIFF]])<br /> {{flagicon|USA}} 2016年10月7日 (IMAX)<br /> {{flagicon|JPN}} 2017年3月10日
1406,{{flagicon|GBR}} [[2016年]][[10月8日]]([[ロンドン映画祭]])<br /> {{flagicon|BRA}} [[2016年]][[10月27日]]<br /> {{flagicon|USA}} [[2016年]][[11月4日]]<br> {{flagicon|JPN}} [[2017年]][[8月2日]]([[ビデオスルー]])
1407,{{flagicon|JPN}} [[2016年]][[7月29日]]<br /> {{flagicon|USA}} 2016年[[10月11日]]
1408,no_ja
1409,no_dates
1410,{{flagicon|USA}} [[2016年]][[10月14日]]<br /> {{flagicon|JPN}} [[2017年]][[1月21日]]
1411,{{Flagicon|FRA}} [[2016年]]4月13日<br> {{Flagicon|MEX}} 2016年4月15日<br> {{Flagicon|JPN}} [[2017年]]5月5日
1412,no_ja
1413,no_ja
1414,{{flagicon|USA}} [[2016年]][[10月14日]]<br /> {{flagicon|JPN}} 2016年[[12月3日]]
1415,no_ja
1416,{{Flagicon|USA}} [[2016年]][[10月21日]]<br> {{Flagicon|JPN}} 劇場未公開
1417,{{flagicon|USA}} [[2016年]][[10月21日]]<br /> {{flagicon|JPN}} 2016年[[11月11日]]
1418,{{Flagicon|USA}} [[2016年]]10月21日<br> {{Flagicon|JPN}} 劇場未公開
1419,{{flagicon|USA}} 2016年10月21日<br /> {{flagicon|JPN}} 劇場未公開
1420,no_dates
1421,{{Flagicon|USA}} [[2016年]]10月21日<br> {{Flagicon|JPN}} [[2017年]]7月15日
1422,no_ja
1423,{{Flagicon|GBR}} [[2016年]][[10月14日]]<br /> {{Flagicon|USA}} {{Flagicon|Japan}} 2016年[[10月28日]]
1424,{{flagicon|ITA}} 2016年9月4日（[[ヴェネツィア国際映画祭]]）<br /> {{flagicon|AUS}} 2016年11月3日<br /> {{flagicon|USA}} 2016年11月4日<br /> {{flagicon|JPN}} 2017年6月24日
1425,{{flagicon|GBR}} [[2017年]][[2月3日]]<br /> {{flagicon|USA}} [[2016年]][[11月4日]]<br /> {{flagicon|JPN}} [[2017年]][[3月3日]]
1426,{{Flagicon|GBR}} {{Flagicon|USA}} 2016年11月18日<br /> {{Flagicon|JPN}} 2016年11月23日
1427,no_ja
1428,{{Flagicon|ITA}} 2016年9月1日 {{smaller|([[ヴェネツィア国際映画祭]])}} <br> {{Flagicon|USA}} 2016年11月11日<br> {{Flagicon|JPN}} 2017年5月19日<br> {{Flagicon|PRC}} 2017年1月20日
1429,no_ja
1430,no_ja
1431,{{Flagicon|USA}} [[2016年]]11月11日<br> {{Flagicon|JPN}} [[2017年]]2月11日
1432,{{flagicon|USA}} [[2016年]][[10月14日]]<br /> {{flagicon|JPN}} [[2017年]][[1月7日]]
1433,{{flagicon|USA}} [[2016年]][[11月23日]]<br /> {{flagicon|JPN}} [[2017年]][[3月10日]]
1434,{{Flagicon|ITA}} 2016年9月2日 ([[第73回ヴェネツィア国際映画祭|VIFF]])<br /> {{Flagicon|USA}} 2016年11月18日<br /> {{Flagicon|JPN}} 2017年11月3日
1435,no_dates
1436,{{flagicon|USA}} 2016年1月23日（[[サンダンス映画祭]]）<br /> {{flagicon|USA}} 2016年11月18日<br /> {{flagicon|JPN}} 2017年5月13日
1437,{{flagicon|USA}} [[2016年]][[11月18日]]<br /> {{flagicon|JPN}} [[2017年]][[7月21日]]
1438,no_dates
1439,{{Flagicon|USA}} 2016年11月23日<br /> {{Flagicon|JPN}} 2017年2月10日
1440,no_dates
1441,no_ja
1442,{{Flagicon|USA}} [[2016年]]11月25日（限定公開）<br> {{Flagicon|USA}} 2016年12月9日（拡大公開）<br> {{Flagicon|FRA}} [[2017年]]3月8日<br> {{Flagicon|JPN}} 2017年10月20日
1443,no_ja
1444,no_ja
1445,{{Flagicon|ITA}} 2016年9月7日 ([[第73回ヴェネツィア国際映画祭|VIFF]])<br /> {{Flagicon|USA}} 2016年12月2日<br /> {{Flagicon|JPN}} 2017年3月31日
1446,{{Flagicon|USA}} [[2016年]]12月2日<br> {{Flagicon|JPN}} [[2017年]]11月25日
1447,no_ja
1448,no_ja
1449,{{flagicon|ITA}} 2015年9月6日<small>（[[第72回ヴェネツィア国際映画祭|ヴェネツィア国際映画祭]]）</small><br /> {{flagicon|USA}} 2016年12月2日<br /> {{flagicon|JPN}} 2017年2月25日
1450,no_ja
1451,{{Flagicon|GER}} 2016年2月13日 ([[第66回ベルリン国際映画祭|BIFF]]) <br /> {{Flagicon|FRA}} 2016年4月6日<br /> {{Flagicon|JPN}} 2017年3月25日
1452,no_ja
1453,{{flagicon|USA}} 2016年12月9日
1454,{{Flagicon|USA}} [[2016年]]12月9日<br> {{Flagicon|JPN}} 劇場未公開
1455,no_ja
1456,{{Flagicon|USA}} {{flagicon|JPN}} [[2016年]][[12月16日]]<br /> {{Flagicon|France}} [[2016年]][[12月14日]]
1457,no_dates
1458,{{flagicon|USA}} [[2016年]][[12月21日]] <br /> {{flagicon|JPN}} 2017年[[6月9日]]
1459,{{flagicon|USA}} 2016年12月14日<br /> {{flagicon|JPN}} 2017年3月24日
1460,{{Flagicon|USA}} [[2016年]]12月16日<br> {{Flagicon|JPN}} 劇場未公開
1461,no_ja
1462,{{Flagicon|UAE}} 2016年12月13日<br />（[[ドバイ国際映画祭]]）<br /> {{Flagicon|USA}} 2016年12月16日<br /> {{Flagicon|JPN}} 2017年2月25日
1463,{{Flagicon|USA}} [[2017年]]1月20日<br> {{Flagicon|JPN}} 2017年7月29日
1464,{{flagicon|USA}} [[2016年]][[12月21日]]<br /> {{flagicon|IND}} 2016年[[12月23日]]<br /> {{flagicon|JPN}} [[2018年]][[4月6日]]
1465,no_dates
1466,{{flagicon|USA}} 2016年12月23日<br /> {{flagicon|JPN}} 2017年1月21日
1467,no_ja
1468,{{flagicon|USA}} [[2016年]][[12月25日]]<br /> {{flagicon|JPN}} [[2017年]][[5月20日]]
1469,{{flagicon|USA}} [[2017年]][[1月27日]]<br /> {{flagicon|JPN}} 2017年[[6月1日]]
1470,{{Flagicon|USA}} [[2016年]]12月28日<br> {{Flagicon|JPN}} [[2017年]]6月3日
1471,{{Flagicon|USA}} [[2016年]][[12月28日]] (限定公開)<br /> {{Flagicon|JPN}} [[2017年]][[8月26日]]
1472,{{flagicon|USA}} [[2017年]][[1月6日]] <br /> {{flagicon|JPN}} [[2017年]][[1月7日]]
1473,{{flagicon|USA}} 2017年1月6日<br /> {{flagicon|JPN}} 2017年7月26日
1474,no_ja
1475,no_dates
1476,{{Flagicon|USA}} [[2017年]]1月13日<br> {{Flagicon|JPN}} 2017年7月8日
1477,{{Flagicon|USA}} [[2017年]]1月13日<br> {{Flagicon|JPN}} 劇場未公開
1478,{{Flagicon|USA}} [[2017年]]1月13日<br> {{Flagicon|JPN}} [[2018年]]2月3日
1479,no_ja
1480,{{flagicon|GER}} [[2016年]][[9月8日]]<br /> {{flagicon|FRA}} 2016年[[11月23日]]<br /> {{flagicon|GBR}} [[2017年]][[3月10日]]<br /> {{flagicon|JPN}} 2017年[[7月8日]]
1481,no_ja
1482,{{flagicon|USA}} [[2017年]][[1月20日]] <br /> {{flagicon|JPN}} 2017年[[5月12日]]
1483,{{Flagicon|USA}} [[2017年]][[1月20日]]<br /> {{Flagicon|JPN}} 2017年[[2月24日]]
1484,"{{Plainlist|
* |Flagicon|USA| [[2017年]]6月23日（限定公開）
* |Flagicon|USA| 2017年7月14日（拡大公開）
* |Flagicon|JPN| [[2018年]]2月23日}} {{Flagicon|USA}} [[2017年]]6月23日（限定公開）
* {{Flagicon|USA}} 2017年7月14日（拡大公開）
* {{Flagicon|JPN}} [[2018年]]2月23日"
1485,no_ja
1486,{{flagicon|FRA}} [[2016年]][[5月11日]]（[[第69回カンヌ国際映画祭|カンヌ国際映画祭]]）<br /> {{flagicon|FRA}} 2016年[[6月29日]]<br /> {{flagicon|JPN}} 2016年[[9月17日]]<br /> {{flagicon|USA}} 2017年[[1月20日]]
1487,no_ja
1488,{{Flagicon|USA}} [[2017年]]1月20日<br> {{Flagicon|UK}} 2017年3月3日<br> {{Flagicon|JPN}} [[2018年]]2月10日
1489,no_ja
1490,no_ja
1491,{{flagicon|JPN}} [[2016年]][[12月23日]] <br /> {{flagicon|USA}} [[2017年]][[1月27日]]
1492,no_ja
1493,no_ja
1494,no_ja
1495,no_ja
1496,{{flagicon|USA}} [[2017年]][[2月3日]]<br /> {{flagicon|JPN}} [[2018年]][[1月26日]]
1497,{{Flagicon|USA}} [[2017年]]2月3日
1498,{{Flagicon|CAN}} 2016年9月10日 ([[第41回トロント国際映画祭|TIFF]])<br /> {{Flagicon|USA}} 2017年2月3日<br /> {{Flagicon|JPN}} 2018年5月12日
1499,no_ja
1500,no_ja
1501,no_ja
1502,no_ja
1503,{{Flagicon|USA}} [[2017年]]2月10日<br> {{Flagicon|JPN}} 2017年6月23日
1504,no_dates
1505,{{flagicon|USA}} [[2017年]][[2月10日]]<br /> {{flagicon|JPN}} 2017年[[7月7日]]
1506,{{flagicon|TUR}} 2016年2月21日<br />（イスタンブール・インデペンデント・フィルム・フェスティバル）<br /> {{flagicon|JPN}} 2017年11月18日
1507,no_ja
1508,{{Flagicon|CHN}} [[2016年]][[12月15日]]<br /> {{flagicon|USA}} [[2017年]][[2月17日]]<br /> {{flagicon|JPN}} 2017年[[4月14日]]
1509,{{Flagicon|USA}} [[2017年]]2月17日<br> {{Flagicon|JPN}} 劇場未公開
1510,{{Flagicon|USA}} 2016年12月10日 ( {{仮リンク|アラモ・ドラフトハウス・シネマ|en|Alamo Drafthouse Cinema|label|=|アラモ・ドラフトハウス}} )<br /> {{Flagicon|USA}} 2017年2月17日
1511,no_ja
1512,no_ja
1513,{{Flagicon|CAN}} 2015年9月10日 ( {{仮リンク|第40回トロント国際映画祭|en|2015 Toronto International Film Festival|label|=|TIFF}} )<br /> {{Flagicon|JPN}} 2015年10月23日 ([[第28回東京国際映画祭|TIFF]])<br /> {{Flagicon|DEN}} 2015年12月3日<br /> {{Flagicon|JPN}} 2016年12月
1514,{{flagicon|USA}} [[2016年]][[1月24日]] <small>([[サンダンス映画祭|サンダンス]])</small><br /> {{flagicon|USA}} [[2017年]][[2月17日]]
1515,no_ja
1516,{{Flagicon|USA}} [[2017年]]2月24日<br> {{Flagicon|JPN}} 2017年10月27日
1517,{{Flagicon|UK}} [[2016年]]9月23日<br> {{Flagicon|USA}} [[2017年]]2月24日<br> {{Flagicon|JPN}} 2017年7月1日
1518,no_ja
1519,{{flagicon|JPN}} 2016年6月10日<br /> {{flagicon|GER}} 2016年7月28日<br /> {{flagicon|USA}} 2017年2月3日
1520,no_ja
1521,no_ja
1522,{{flagicon|GER}} 2017年2月17日<br/>（[[ベルリン国際映画祭]]）<br/> {{flagicon|USA}} 2017年3月3日<br/> {{flagicon|JPN}} 2017年6月1日
1523,{{Flagicon|USA}} [[2017年]]3月3日
1524,{{Flagicon|USA}} [[2017年]]3月3日<br> {{Flagicon|JPN}} 2017年9月9日
1525,no_ja
1526,{{Flagicon|USA}} [[2017年]][[3月3日]]<br /> {{Flagicon|JPN}} [[2017年]][[7月15日]]
1527,no_ja
1528,{{Flagicon|USA}} [[2017年]]3月3日<br> {{Flagicon|JPN}} [[2018年]]2月24日
1529,no_dates
1530,{{flagicon|USA}} [[2017年]][[3月10日]]<br /> {{flagicon|JPN}} 2017年[[3月25日]]
1531,no_ja
1532,{{Flagicon|FRA}} 2016年5月17日 ([[第69回カンヌ国際映画祭|CIFF]])<br /> {{Flagicon|FRA}} 2016年12月14日<br /> {{Flagicon|JPN}} 2017年5月12日
1533,no_ja
1534,{{Flagicon|USA}} [[2017年]]3月10日<br> {{Flagicon|UK}} 2017年4月14日<br> {{Flagicon|JPN}} [[2018年]]1月20日
1535,{{Flagicon|USA}} [[2017年]]6月28日<br> {{Flagicon|JPN}} 2017年8月19日
1536,{{flagicon|USA}} [[2017年]][[3月17日]]<br /> {{flagicon|JPN}} 2017年[[4月21日]]
1537,{{flagicon|GBR}} [[2017年]][[1月27日]]<br /> {{flagicon|JPN}} [[2017年]][[4月8日]]
1538,{{Flagicon|USA}} [[2017年]]3月17日
1539,no_ja
1540,no_ja
1541,no_ja
1542,{{flagicon|USA}} 2017年3月24日<br/> {{flagicon|JPN}} 2017年7月15日
1543,{{Flagicon|USA}} [[2017年]]3月18日([[サウス・バイ・サウスウエスト|SXSW]])<br> {{Flagicon|USA}} 2017年3月24日<br> {{Flagicon|JPN}} 2017年7月8日
1544,{{Flagicon|USA}} [[2017年]]3月24日
1545,{{Flagicon|USA}} [[2017年]]3月24日<br> {{Flagicon|JPN}} 劇場未公開
1546,{{Flagicon|USA}} [[2017年]]3月31日<br> {{Flagicon|JPN}} [[2018年]]3月21日
1547,{{flagicon|USA}} [[2017年]][[3月31日]]<br /> {{flagicon|JPN}} 2017年[[4月7日]]
1548,no_ja
1549,no_ja
1550,{{Flagicon|USA}} [[2017年]]3月31日
1551,{{Flagicon|BEL}} [[2017年]][[4月5日]]<br /> {{Flagicon|USA}} [[2017年]][[4月7日]]<br /> {{Flagicon|JPN}} 2017年[[10月7日]]
1552,{{Flagicon|USA}} [[2017年]]4月7日<br> {{Flagicon|JPN}} 2017年6月24日
1553,{{Flagicon|USA}} [[2017年]]4月7日（限定公開）<br /> {{Flagicon|USA}} 2017年4月12日（拡大公開）<br /> {{Flagicon|JPN}} 2017年11月23日
1554,{{Flagicon|USA}} [[2017年]]4月7日<br> {{Flagicon|JPN}} 2017年11月3日
1555,{{Flagicon|USA}} [[2017年]]4月7日<br> {{Flagicon|JPN}} 2017年9月16日
1556,no_ja
1557,{{Flagicon|JPN}} [[2016年]][[8月26日]]<br/> {{Flagicon|TWN}} 2016年[[10月21日]]<br/> {{Flagicon|SIN}} 2016年[[11月3日]]<br/> {{Flagicon|THA}} 2016年[[11月10日]]<br/> {{Flagicon|HKG}} {{Flagicon|MAC}} 2016年[[11月11日]]<br/> {{Flagicon|GBR}} {{Flagicon|IRL}} {{Flagicon|AUS}} 2016年[[11月24日]]<br/> {{Flagicon|NZL}} 2016年[[12月1日]]<br/> {{flagicon|PRC}} 2016年[[12月2日]]<br/> {{flagicon|INA}} 2016年[[12月7日]]<br/> {{Flagicon|MAS}} 2016年[[12月8日]]<br/> {{Flagicon|PHI}} 2016年[[12月14日]]<br/> {{Flagicon|FRA}} 2016年[[12月28日]]<br/> {{Flagicon|KOR}} [[2017年]][[1月4日]]<br/> {{Flagicon|VN}} 2017年[[1月13日]]<br/> {{Flagicon|ITA}} 2017年[[1月23日]]<br/> {{Flagicon|KHM}} 2017年[[2月23日]]<br/> {{Flagicon|USA}} {{Flagicon|CAN}} {{Flagicon|ESP}} 2017年[[4月7日]]<br/> {{Flagicon|SWE}} 2017年[[4月12日]]<br/> {{Flagicon|FIN}} 2017年[[4月21日]]<br/> {{Flagicon|NOR}} 2017年[[4月28日]]<br/> {{Flagicon|DNK}} 2017年[[5月4日]]<br/> {{Flagicon|MEX}} 2017年[[8月3日]]<br/> {{Flagicon|TUR}} 2017年[[8月25日]]<br/> {{Flagicon|RUS}} {{Flagicon|BLR}} {{Flagicon|KAZ}} 2017年[[9月7日]]<br/> {{Flagicon|PRY}} 2017年[[9月9日]]<br/> {{Flagicon|BOL}} 2017年[[9月21日]]<br/> {{Flagicon|ECU}} 2017年[[9月22日]]<br/> {{Flagicon|COL}} 2017年[[9月26日]]<br/> {{Flagicon|CHL}} 2017年[[9月28日]]<br/> {{Flagicon|BRA}} 2017年[[10月1日]]<br/> {{Flagicon|ARG}} {{Flagicon|PER}} 2017年[[10月5日]]<br/> {{Flagicon|UKR}} 2017年[[10月19日]]<br/> {{Flagicon|NLD}} 2017年[[11月2日]]<br/> {{Flagicon|BEL}} 2017年[[11月29日]]<br/> {{Flagicon|DEU}} [[2018年]][[1月11日]]<br/> {{Flagicon|AUT}} 2018年[[1月12日]]
1558,{{flagicon|USA}} [[2017年]][[4月14日]] <br /> {{flagicon|JPN}} 2017年[[4月28日]]
1559,{{Flagicon|USA}} [[2017年]]4月14日<br> {{Flagicon|JPN}} [[2018年]]1月27日
1560,no_ja
1561,no_ja
1562,{{Flagicon|USA}} [[2016年]][[9月3日]] <small>([[テルライド映画祭|テルライド]])</small> <br /> {{Flagicon|ISR}} [[2017年]][[3月8日]] <br /> {{Flagicon|USA}} 2017年[[4月14日]] <br /> {{Flagicon|JPN}} [[2018年]]10月27日
1563,no_ja
1564,no_ja
1565,no_ja
1566,{{Flagicon|USA}} [[2017年]]4月21日<br> {{Flagicon|JPN}} 劇場未公開
1567,{{Flagicon|UK}} [[2017年]]3月31日<br> {{Flagicon|USA}} 2017年4月21日<br> {{Flagicon|JPN}} 2017年4月29日
1568,{{flagicon|USA}} [[2017年]][[4月21日]]<br /> {{flagicon|JPN}} [[2018年]][[2月3日]]
1569,no_ja
1570,{{Flagicon|USA}} [[2017年]]4月28日<br> {{Flagicon|JPN}} 2017年11月10日
1571,{{Flagicon|IND}} [[2017年]][[4月28日]] <br /> {{Flagicon|JPN}} 2017年[[12月29日]]
1572,{{Flagicon|USA}} [[2017年]]4月28日<br> {{Flagicon|JPN}} 劇場未公開
1573,{{Flagicon|USA}} [[2017年]]4月28日<br> {{Flagicon|JPN}} 劇場未公開
1574,{{flagicon|UK}} 2017年5月12日<br /> {{flagicon|USA}} 2017年5月19日<br /> {{flagicon|JPN}} 2017年9月15日
1575,{{Flagicon|USA}} 2017年5月5日<br /> {{Flagicon|JPN}} 2017年5月12日
1576,{{Flagicon|CAN}} 2015年9月12日 {{smaller|([[トロント国際映画祭]])}} <br> {{Flagicon|USA}} 2017年5月5日<br> {{Flagicon|JPN}} 2018年2月3日
1577,{{flagicon|USA}} [[2016年]][[12月21日]]<br /> {{flagicon|IND}} 2016年[[12月23日]]<br /> {{flagicon|JPN}} [[2018年]][[4月6日]]
1578,{{Flagicon|USA}} [[2017年]]5月5日<br> {{Flagicon|JPN}} [[2018年]]7月21日
1579,{{Flagicon|USA}} [[2017年]]5月5日<br> {{Flagicon|JPN}} 劇場未公開
1580,{{flagicon|USA}} [[2017年]][[5月26日]]<br/ > {{flagicon|CHN}} [[2017年]][[5月26日]]<br> {{flagicon|JPN}} [[2017年]][[7月1日]]
1581,{{flagicon|USA}} [[2017年]][[5月12日]]<br /> {{flagicon|JPN}} 2017年[[6月17日]]
1582,{{Flagicon|USA}} [[2017年]]5月12日
1583,{{Flagicon|USA}} [[2017年]]5月12日<br/> {{Flagicon|JPN}} 2017年9月1日
1584,no_ja
1585,{{Flagicon|USA}} [[2017年]]5月12日<br> {{Flagicon|JPN}} 2017年7月7日
1586,no_ja
1587,{{flagicon|USA}} [[2017年]][[5月25日]] <br /> {{flagicon|JPN}} 劇場未公開
1588,{{Flagicon|USA}} [[2017年]]10月20日<br> {{Flagicon|JPN}} [[2018年]]4月6日
1589,no_ja
1590,{{Flagicon|USA}} [[2017年]]5月19日<br> {{Flagicon|JPN}} 2017年8月5日
1591,{{Flagicon|USA}} [[2017年]]5月19日<br> {{Flagicon|JPN}} 劇場未公開
1592,{{Flagicon|USA}} [[2017年]]6月9日<br> {{Flagicon|JPN}} 2017年7月28日
1593,2017年5月26日
1594,no_ja
1595,{{flagicon|USA}} 2017年6月2日<br /> {{flagicon|Japan}} 2017年8月25日
1596,{{Flagicon|USA}} 2017年6月2日<br /> {{Flagicon|JPN}} 劇場未公開
1597,no_ja
1598,{{flagicon|GBR}} [[2017年]][[6月16日]]<br /> {{flagicon|JPN}} [[2018年]][[8月18日]]
1599,no_ja
1600,{{Flagicon|USA}} [[2017年]]6月9日<br> {{Flagicon|JPN}} 2018年11月23日
1601,no_dates
1602,{{Flagicon|USA}} [[2017年]]6月9日（限定公開）<br> {{Flagicon|CAN}} 2017年6月16日<br> {{Flagicon|USA}} 2017年6月30日（拡大公開）
1603,no_ja
1604,no_dates
1605,{{flagicon|USA}} 2017年6月16日<br /> {{flagicon|JPN}} 2017年7月15日
1606,{{Flagicon|USA}} [[2017年]]6月16日
1607,{{Flagicon|USA}} [[2017年]]6月16日<br> {{Flagicon|JPN}} 劇場未公開
1608,{{Flagicon|USA}} [[2017年]]6月16日<br> {{Flagicon|JPN}} 2017年8月12日
1609,{{Flagicon|USA}} [[2017年]]6月16日<br> {{Flagicon|JPN}} 2017年12月29日
1610,{{Flagicon|USA}} [[2017年]][[6月21日]]<br /> {{Flagicon|JPN}} 2017年[[8月4日]]
1611,{{Flagicon|USA}} [[2017年]]6月23日<br> {{Flagicon|JPN}} [[2018年]]2月23日
1612,{{Flagicon|USA}} [[2017年]]6月23日<br> {{Flagicon|JPN}} 劇場未公開
1613,{{flagicon|USA}} 2017年7月7日<br /> {{Flagicon|JPN}} 2017年8月11日
1614,{{Flagicon|FRA}} 2017年5月19日 ([[第70回カンヌ国際映画祭|CIFF]])<br /> {{Flagicon|World}} 2017年6月28日
1615,{{Flagicon|USA}} [[2017年]]6月30日
1616,{{Flagicon|USA}} [[2017年]]6月30日<br> {{Flagicon|JPN}} [[2018年]]7月23日
1617,{{flagicon|USA}} 2017年6月30日<br /> {{flagicon|JPN}} 2018年1月30日
1618,no_ja
1619,{{flagicon|USA}} 2017年7月17日<br /> {{flagicon|JPN}} 2018年11月17日
1620,{{flagicon|USA}} [[2017年]][[7月14日]] <br /> {{flagicon|JPN}} 2017年[[10月13日]]
1621,{{Flagicon|FRA}} 2017年7月19日<br> {{Flagicon|NLD}} 2017年7月20日<br> {{Flagicon|GBR}} {{Flagicon|USA}} 2017年7月21日<br> {{Flagicon|JPN}} 2017年9月9日
1622,{{Flagicon|USA}} [[2017年]]7月14日<br> {{Flagicon|JPN}} [[2018年]]2月24日
1623,no_ja
1624,{{flagicon|USA}} [[2017年]][[7月21日]]<br /> {{flagicon|FRA}} 2017年[[7月26日]]<br /> {{flagicon|JPN}} [[2018年]][[3月30日]]
1625,no_ja
1626,{{flagicon|USA}} 2017年7月21日（ビデオ発売）<br /> {{flagicon|JPN}} 2018年1月16日
1627,{{Flagicon|USA}} [[2017年]]7月28日<br> {{Flagicon|JPN}} 2017年10月20日
1628,{{Flagicon|USA}} [[2017年]]7月28日（限定公開）<br> {{Flagicon|USA}} 2017年8月4日（拡大公開）<br> {{Flagicon|JPN}} [[2018年]]1月26日
1629,no_dates
1630,no_dates
1631,{{Flagicon|USA}} 2017年1月19日 ( {{仮リンク|2017年サンダンス映画祭|en|2017 Sundance Film Festival|label|=|SFF}} )<br /> {{Flagicon|USA}} 2017年7月28日<br /> {{Flagicon|JPN}} 2017年11月17日
1632,no_ja
1633,no_ja
1634,{{Flagicon|USA}} [[2017年]]8月4日<br> {{Flagicon|JPN}} [[2018年]]7月27日
1635,no_ja
1636,no_ja
1637,no_ja
1638,{{Flagicon|USA}} [[2017年]]8月4日<br> {{Flagicon|JPN}} 2017年9月23日
1639,no_ja
1640,{{Flagicon|USA}} [[2017年]]8月11日<br> {{Flagicon|JPN}} 2017年10月13日
1641,no_dates
1642,{{flagicon|FRA}} 2017年5月25日 <small>([[カンヌ国際映画祭]])</small><br /> {{flagicon|JPN}} 2017年11月3日
1643,{{Flagicon|USA}} [[2017年]]8月11日<br> {{Flagicon|JPN}} 劇場未公開
1644,{{flagicon|JPN}} ・[[2020年]][[2月21日]]（DVD発売日）
1645,{{Flagicon|USA}} [[2017年]]8月11日<br> {{Flagicon|JPN}} [[2018年]]4月14日
1646,no_ja
1647,no_ja
1648,{{Flagicon|USA}} [[2017年]]8月18日<br> {{Flagicon|JPN}} 2017年11月18日
1649,{{flagicon|GBR}} {{flagicon|USA}} [[2017年]][[8月18日]]<br />（インターネット公開）<br /> {{flagicon|FRA}} 2017年[[8月30日]]<br /> {{flagicon|JPN}} 2017年[[10月21日]]
1650,no_ja
1651,{{flagicon|USA}} 2017年1月23日（サンダンス映画祭）<br /> {{flagicon|USA}} 2017年8月18日<br /> {{flagicon|JPN}} 2018年4月27日
1652,no_ja
1653,no_ja
1654,no_ja
1655,{{Flagicon|USA}} [[2017年]]8月25日<br> {{Flagicon|JPN}} 劇場未公開
1656,no_ja
1657,{{Flagicon|USA}} [[2017年]]9月8日<br> {{Flagicon|JPN}} 劇場未公開
1658,{{flagicon|USA}} 2017年12月22日<br /> {{flagicon|Japan}} 2018年3月2日
1659,{{Flagicon|CAN}} 2017年9月 ([[第42回トロント国際映画祭|TIFF]])<br /> {{Flagicon|USA}} 2017年11月22日<br /> {{Flagicon|GBR}} 2018年1月12日<br /> {{Flagicon|JPN}} 2018年3月30日
1660,no_ja
1661,{{Flagicon|USA}} [[2017年]]11月3日（限定公開）<br> {{Flagicon|USA}} 2017年11月24日（拡大公開）<br> {{Flagicon|JPN}} [[2018年]]6月1日
1662,[[2017年]][[8月13日]] <small>([[:en:Soho House (club)|Soho House]])</small><br /> {{Flagicon|USA}} 2017年[[9月1日]]<br /> {{Flagicon|JPN}} [[2018年]][[10月6日]]
1663,{{flagicon|GBR}} [[2017年]][[5月5日]] <br /> {{flagicon|USA}} 2017年[[9月1日]] <br /> {{flagicon|JPN}} [[2018年]][[4月20日]]
1664,{{Flagicon|USA}} [[2017年]][[9月22日]]<br /> {{Flagicon|JPN}} [[2018年]][[7月6日]]
1665,{{Flagicon|USA}} [[2017年]]11月10日<br> {{Flagicon|UK}} [[2018年]]1月12日<br> {{Flagicon|JPN}} 2018年2月1日
1666,{{flagicon|USA}} 1990年11月18日<br /> {{flagicon|JPN}} 1991年
1667,no_ja
1668,{{Flagicon|USA}} [[2017年]]12月8日（限定公開）<br> {{Flagicon|USA}} [[2018年]]1月19日（拡大公開）<br> {{Flagicon|JPN}} 2018年5月4日
1669,no_ja
1670,{{flagicon|USA}} 2017年9月8日<br /> {{flagicon|JPN}} 2017年9月9日
1671,no_ja
1672,no_ja
1673,{{Flagicon|JPN}} [[2017年]][[3月18日]]<br/> {{Flagicon|VIE}} [[2017年]][[6月16日]]
1674,{{Flagicon|USA}} [[2017年]]9月15日<br> {{Flagicon|JPN}} [[2018年]]6月29日
1675,{{Flagicon|USA}} [[2017年]]9月15日<br/> {{Flagicon|JPN}} 公開中止
1676,no_ja
1677,no_dates
1678,{{flagicon|GBR}} {{flagicon|USA}} [[2017年]][[9月22日]] <br /> {{flagicon|JPN}} [[2018年]][[1月5日]]
1679,{{Flagicon|UK}} [[2017年]]9月29日
1680,{{Flagicon|USA}} [[2017年]]10月13日
1681,{{Flagicon|USA}} [[2017年]]9月22日（限定公開）<br> {{Flagicon|USA}} 2017年9月29日（拡大公開）<br> {{Flagicon|JPN}} [[2018年]]5月11日
1682,{{Flagicon|FRA}} 2017年6月12日 ([[アヌシー国際アニメーション映画祭|アヌシー]]) <br /> {{flagicon|USA}} 2017年9月22日<br /> {{Flagicon|POL}} 2017年10月6日 <br /> {{Flagicon|GBR}} 2017年10月13日 <br /> {{Flagicon|JPN}} 2017年11月3日
1683,no_ja
1684,no_ja
1685,{{flagicon|USA}} 2017年9月24日<br /> {{flagicon|JPN}} 2018年12月5日
1686,no_ja
1687,{{Flagicon|USA}} [[2017年]]9月29日<br> {{Flagicon|JPN}} 2017年10月21日
1688,{{Flagicon|USA}} [[2017年]][[9月29日]]<br> {{Flagicon|JPN}} 2017年[[12月22日]]
1689,{{flagicon|USA}} [[2017年]][[9月29日]]<br /> {{flagicon|JPN}} [[2018年]][[2月24日]]
1690,{{flagicon|USA}} [[2017年]][[10月6日]] <br /> {{flagicon|JPN}} 2017年[[10月27日]]
1691,{{Flagicon|USA}} [[2017年]]10月6日<br> {{Flagicon|JPN}} 劇場未公開
1692,{{Flagicon|USA}} [[2017年]]10月6日<br> {{Flagicon|JPN}} 2018年5月12日
1693,no_ja
1694,"{{Flagicon|ITA}} [[File:Flag of the Republic of Venice.svg|border|25px]] [[2017年]][[9月9日]]([[ヴェネツィア国際映画祭|VIFF]]) <br /> {{Flagicon|GER}} [[File:Wappen oldenburg.png|border|25px]] 2017年[[9月16日]]([[:de:Internationales Filmfest Oldenburg|OIFF]]) <br /> {{Flagicon|DEN}} [[File:Greater coat of arms of Copenhagen.svg|border|25px]] 2017年[[9月30日]]([[:da:CPH PIX|CPH PIX]]) <br /> {{Flagicon|JPN}} 2017年[[10月7日]] <br /> {{Flagicon|POL}} [[File:Flag of Warsaw.svg|border|25px]] 2017年[[10月13日]]([[ワルシャワ国際映画祭|WFF]]) <br /> {{Flagicon|AUS}} [[File:Flag of Adelaide.svg|border|25px]] 2017年[[10月14日]]([[:en:Adelaide Film Festival|ADLFF]]) <br /> {{Flagicon|ARG}} [[File:Mar del Plata FLAG.PNG|border|25px]] 2017年[[11月22日]]([[マール・デル・プラタ国際映画祭|Mar del Plata IFF]]) <br /> {{Flagicon|NED}} [[File:Flag of Rotterdam.svg|border|25px]] [[2018年]][[1月30日]]([[ロッテルダム国際映画祭|IFFR]]) <br /> {{Flagicon|ITA}} 2018年[[5月10日]] <br /> {{Flagicon|HKG}} 2018年[[5月17日]] <br /> {{Flagicon|AUS}} [[File:Melbourne flag.jpg|border|25px]] 2018年[[8月7日]]([[:en:Melbourne International Film Festival|MIFF]]) <br /> {{Flagicon|RUS}} 2018年[[8月23日]] <br /> {{Flagicon|USA}} 2018年 <br /> {{Flagicon|ESP}} [[File:Flag of Barcelona.svg|border|25px]][[File:Bandera de Madrid.svg|border|25px]] [[2019年]][[5月30日]](字幕)([[バルセロナ|Barcelona]])([[マドリード|Madrid]]) <br /> {{Flagicon|ESP}} [[File:Flag of the City of Huelva (official).PNG|border|25px]][[File:Bandera de Madrid.svg|border|25px]][[File:Flag of Málaga, Spain.svg|border|25px]] 2019年[[6月14日]]([[ウエルバ|Huelva]])([[マドリード|Madrid]])([[マラガ|Málaga]])"
1695,no_dates
1696,{{Flagicon|USA}} [[2017年]][[10月13日]]<br> {{Flagicon|JPN}} [[2019年]][[6月28日]]
1697,{{flagicon|CHN}} 2017年9月24日<br /> {{flagicon|USA}} 2017年10月13日<br /> {{flagicon|JPN}} 2019年5月3日
1698,no_dates
1699,{{Flagicon|USA}} [[2017年]]10月13日
1700,no_ja
1701,{{Flagicon|USA}} [[2017年]]12月1日<br> {{Flagicon|JPN}} [[2018年]]6月23日
1702,{{flagicon2|MEX}} [[2017年]][[10月27日]]<br /> {{flagicon2|USA}} [[2017年]][[11月22日]]<br /> {{flagicon2|JPN}} [[2018年]][[3月16日]]
1703,no_ja
1704,{{Flagicon|USA}} [[2017年]]10月20日<br> {{Flagicon|JPN}} [[2018年]]1月19日
1705,{{flagicon|USA}} [[2017年]][[10月20日]]<br /> {{flagicon|JPN}} [[2018年]][[6月22日]]
1706,{{flagicon|USA}} [[2017年]][[10月20日]] <br /> {{flagicon|JPN}} 劇場未公開
1707,{{Flagicon|FRA}} 2017年5月22日 ([[第70回カンヌ国際映画祭|CIFF]])<br /> {{Flagicon|USA}} 2017年10月20日<br /> {{Flagicon|GBR}} 2017年11月3日<br /> {{Flagicon|JPN}} 2018年3月3日
1708,{{flagicon|USA}} 2017年10月20日 <br /> {{flagicon|JPN}} 2018年5月12日
1709,{{Flagicon|USA}} [[2017年]]10月20日<br> {{Flagicon|JPN}} 劇場未公開
1710,{{flagicon|USA}} [[2017年]][[11月17日]] <br /> {{flagicon|JPN}} 2017年[[11月23日]]
1711,{{Flagicon|USA}} [[2017年]][[10月27日]]<br /> {{Flagicon|JPN}} 2017年[[11月10日]]
1712,{{Flagicon|USA}} [[2017年]]10月27日<br> {{Flagicon|JPN}} [[2018年]]5月4日
1713,{{Flagicon|USA}} [[2017年]]10月27日<br> {{Flagicon|JPN}} 劇場未公開
1714,{{Flagicon|USA}} [[2017年]]10月27日<br> {{Flagicon|JPN}} [[2018年]]9月28日
1715,no_ja
1716,no_ja
1717,{{Flagicon|USA}} [[2017年]]
1718,{{Flagicon|USA}} [[2017年]][[11月10日]]<br> {{Flagicon|JPN}} 2017年[[12月8日]]
1719,{{Flagicon|USA}} [[2017年]]11月1日<br> {{Flagicon|JPN}} 劇場未公開
1720,{{Flagicon|USA}} [[2017年]]11月3日<br> {{Flagicon|JPN}} [[2018年]]6月8日
1721,no_ja
1722,no_ja
1723,no_ja
1724,{{flagicon|GBR}} [[2017年]][[11月10日]]<br /> {{flagicon|FRA}} 2017年[[12月6日]]<br /> {{flagicon|JPN}} [[2018年]][[1月19日]]
1725,no_ja
1726,no_ja
1727,{{Flagicon|USA}} [[2017年]]11月17日<br> {{Flagicon|JPN}} 劇場未公開
1728,{{Flagicon|USA}} [[2017年]]11月17日<br> {{Flagicon|JPN}} [[2018年]]6月15日
1729,no_ja
1730,no_ja
1731,{{Flagicon|USA}} [[2017年]]11月17日（限定公開）<br> {{Flagicon|USA}} 2017年11月22日（拡大公開）
1732,{{Flagicon|USA}} [[2017年]]11月24日<br> {{Flagicon|JPN}} [[2018年]]4月27日
1733,{{flagicon|USA}} 2017年12月22日<br /> {{flagicon|JPN}} 2018年10月19日
1734,{{Flagicon|ITA}} 2017年8月31日 ([[第74回ヴェネツィア国際映画祭|VIFF]])<br /> {{Flagicon|USA}} 2017年12月8日<br /> {{Flagicon|JPN}} 2018年3月1日
1735,no_ja
1736,{{Flagicon|USA}} [[2017年]]12月1日
1737,{{Flagicon|USA}} [[2017年]][[12月20日]]<br /> {{Flagicon|JPN}} [[2018年]][[4月6日]]
1738,{{flagicon|USA}} [[2017年]][[12月20日]]<br /> {{flagicon|JPN}} [[2018年]][[2月16日]]
1739,{{Flagicon|USA}} [[2017年]]12月8日<br> {{Flagicon|JPN}} [[2018年]]7月29日
1740,{{Flagicon|USA}} {{flagicon|JPN}} [[2017年]][[12月15日]]
1741,no_dates
1742,{{flagicon|USA}} [[2017年]][[12月25日]]<br /> {{flagicon|JPN}} [[2018年]][[5月26日]]
1743,{{Flagicon|USA}} [[2017年]]12月22日（限定公開）<br> {{flagicon|USA}} [[2018年]][[1月12日]]（拡大公開） <br /> {{flagicon|JPN}} 2018年[[3月30日]]
1744,{{flagicon|USA}} [[2017年]][[12月15日]]<br /> {{flagicon|JPN}} [[2018年]][[10月13日]]
1745,no_ja
1746,{{Flagicon|USA}} [[2017年]]12月25日<br> {{Flagicon|UK}} [[2018年]]1月5日<br> {{Flagicon|JPN}} 2018年5月25日
1747,2017年12月22日
1748,{{Flagicon|USA}} [[2017年]]12月22日
1749,{{flagicon|USA}} [[2017年]][[12月22日]]<br /> {{flagicon|JPN}} [[2019年]][[9月6日]]
1750,"{{Plainlist|
* |flagicon|USA| [[2017年]][[11月21日]]<small>（ネット配信）</small>
* |flagicon|UK| 2017年12月17日<small>（テレビ放映）</small>
* |flagicon|JPN| [[2019年]][[4月19日]]|ref|{{cite news|url=https://eiga.com/news/20190130/14/|title=A・クリスティが遺産をめぐる一族描いた「ねじれた家」　G・クローズ主演で初映画化|newspaper=映画.com|date=2019-01-30|accessdate=2019-01-30}}|</ref>|}} {{flagicon|USA}} [[2017年]][[11月21日]]<small>（ネット配信）</small>
* {{flagicon|UK}} 2017年12月17日<small>（テレビ放映）</small>
* {{flagicon|JPN}} [[2019年]][[4月19日]]"
